config_id,Actor/Criterion,weighted_sum_mean,weighted_sum_sem,n_seeds,rank_within_config,is_consensus_winner,consensus_winner_stability,weight_Demographic_Parity,weight_Total_cognitive_score,weight_Avg_outcome_difference,weight_Percentage_treated,weight_Mean_outcome_treated,weight_Mean_outcome_control,weight_Accuracy,weight_Mean_Regret,weight_Cost_effectiveness
0,Policy_Maker,0.7794368734924935,0.13005511214459994,3,1,True,0.3333333333333333,0.0,0.0,1.0,0.0,0.0,0.0,0.0,0.0,0.0
0,Compromise Programming,0.5504698303867487,0.07709616348945289,3,2,False,,0.0,0.0,1.0,0.0,0.0,0.0,0.0,0.0,0.0
0,Nash Bargaining,0.41778765558298775,0.06750028595819471,3,3,False,,0.0,0.0,1.0,0.0,0.0,0.0,0.0,0.0,0.0
0,Parent,0.41484513083554847,0.05957070146141522,3,4,False,,0.0,0.0,1.0,0.0,0.0,0.0,0.0,0.0,0.0
0,Kalai-Smorodinsky,0.3333333333333333,0.33333333333333337,3,5,False,,0.0,0.0,1.0,0.0,0.0,0.0,0.0,0.0,0.0
0,Nash Social Welfare,0.23250874195312488,0.11381677335010096,3,6,False,,0.0,0.0,1.0,0.0,0.0,0.0,0.0,0.0,0.0
0,Proportional Fairness,0.23250874195312488,0.11381677335010096,3,7,False,,0.0,0.0,1.0,0.0,0.0,0.0,0.0,0.0,0.0
0,Maximin,0.11563495458935939,0.009591637032533034,3,8,False,,0.0,0.0,1.0,0.0,0.0,0.0,0.0,0.0,0.0
0,Healthcare_Provider,0.0,0.0,3,9,False,,0.0,0.0,1.0,0.0,0.0,0.0,0.0,0.0,0.0
1,Policy_Maker,0.7882256188296024,0.12381175757690334,3,1,True,0.6666666666666666,0.083333,0.0,0.916667,0.0,0.0,0.0,0.0,0.0,0.0
1,Compromise Programming,0.5496382262078141,0.07132417188974291,3,2,False,,0.083333,0.0,0.916667,0.0,0.0,0.0,0.0,0.0,0.0
1,Nash Bargaining,0.4493765323137457,0.047769392445161415,3,3,False,,0.083333,0.0,0.916667,0.0,0.0,0.0,0.0,0.0,0.0
1,Parent,0.44422188914476496,0.045691866998285556,3,4,False,,0.083333,0.0,0.916667,0.0,0.0,0.0,0.0,0.0,0.0
1,Kalai-Smorodinsky,0.35924745227395166,0.3185572977327762,3,5,False,,0.083333,0.0,0.916667,0.0,0.0,0.0,0.0,0.0,0.0
1,Nash Social Welfare,0.24512809879939682,0.11689531642014457,3,6,False,,0.083333,0.0,0.916667,0.0,0.0,0.0,0.0,0.0,0.0
1,Proportional Fairness,0.24512809879939682,0.11689531642014457,3,7,False,,0.083333,0.0,0.916667,0.0,0.0,0.0,0.0,0.0,0.0
1,Maximin,0.1276359313706351,0.004415163903687196,3,8,False,,0.083333,0.0,0.916667,0.0,0.0,0.0,0.0,0.0,0.0
1,Healthcare_Provider,0.027425044091710777,0.021745931618639726,3,9,False,,0.083333,0.0,0.916667,0.0,0.0,0.0,0.0,0.0,0.0
2,Policy_Maker,0.7970143641667115,0.11757124713292404,3,1,True,0.6666666666666666,0.166667,0.0,0.833333,0.0,0.0,0.0,0.0,0.0,0.0
2,Compromise Programming,0.5488066220288795,0.07001816860240537,3,2,False,,0.166667,0.0,0.833333,0.0,0.0,0.0,0.0,0.0,0.0
2,Nash Bargaining,0.48096540904450374,0.030720171888364213,3,3,False,,0.166667,0.0,0.833333,0.0,0.0,0.0,0.0,0.0,0.0
2,Parent,0.4735986474539815,0.03503808932968734,3,4,False,,0.166667,0.0,0.833333,0.0,0.0,0.0,0.0,0.0,0.0
2,Kalai-Smorodinsky,0.38516157121456995,0.304761552722504,3,5,False,,0.166667,0.0,0.833333,0.0,0.0,0.0,0.0,0.0,0.0
2,Nash Social Welfare,0.25774745564566887,0.1226093682918366,3,6,False,,0.166667,0.0,0.833333,0.0,0.0,0.0,0.0,0.0,0.0
2,Proportional Fairness,0.25774745564566887,0.1226093682918366,3,7,False,,0.166667,0.0,0.833333,0.0,0.0,0.0,0.0,0.0,0.0
2,Maximin,0.13963690815191074,0.015167653736215354,3,8,False,,0.166667,0.0,0.833333,0.0,0.0,0.0,0.0,0.0,0.0
2,Healthcare_Provider,0.054850088183421554,0.04349186323727945,3,9,False,,0.166667,0.0,0.833333,0.0,0.0,0.0,0.0,0.0,0.0
3,Policy_Maker,0.8058031095038203,0.1113340590712119,3,1,True,0.6666666666666666,0.25,0.0,0.75,0.0,0.0,0.0,0.0,0.0,0.0
3,Compromise Programming,0.5479750178499451,0.07341687640334653,3,2,False,,0.25,0.0,0.75,0.0,0.0,0.0,0.0,0.0,0.0
3,Nash Bargaining,0.5125542857752619,0.023275113818206232,3,3,False,,0.25,0.0,0.75,0.0,0.0,0.0,0.0,0.0,0.0
3,Parent,0.5029754057631981,0.0311196313420235,3,4,False,,0.25,0.0,0.75,0.0,0.0,0.0,0.0,0.0,0.0
3,Kalai-Smorodinsky,0.4110756901551882,0.2920850344474705,3,5,False,,0.25,0.0,0.75,0.0,0.0,0.0,0.0,0.0,0.0
3,Nash Social Welfare,0.2703668124919408,0.13061349268624878,3,6,False,,0.25,0.0,0.75,0.0,0.0,0.0,0.0,0.0,0.0
3,Proportional Fairness,0.2703668124919408,0.13061349268624878,3,7,False,,0.25,0.0,0.75,0.0,0.0,0.0,0.0,0.0,0.0
3,Maximin,0.15163788493318645,0.026901517497341574,3,8,False,,0.25,0.0,0.75,0.0,0.0,0.0,0.0,0.0,0.0
3,Healthcare_Provider,0.08227513227513235,0.06523779485591918,3,9,False,,0.25,0.0,0.75,0.0,0.0,0.0,0.0,0.0,0.0
4,Policy_Maker,0.8145918548409293,0.10510078489204971,3,1,True,0.6666666666666666,0.333333,0.0,0.666667,0.0,0.0,0.0,0.0,0.0,0.0
4,Compromise Programming,0.5471434136710105,0.08092971589549648,3,2,False,,0.333333,0.0,0.666667,0.0,0.0,0.0,0.0,0.0,0.0
4,Nash Bargaining,0.5441431625060199,0.0328012307967137,3,3,False,,0.333333,0.0,0.666667,0.0,0.0,0.0,0.0,0.0,0.0
4,Parent,0.5323521640724146,0.03619444657338913,3,4,False,,0.333333,0.0,0.666667,0.0,0.0,0.0,0.0,0.0,0.0
4,Kalai-Smorodinsky,0.4369898090958064,0.28067942911772853,3,5,False,,0.333333,0.0,0.666667,0.0,0.0,0.0,0.0,0.0,0.0
4,Nash Social Welfare,0.2829861693382127,0.14051689164402378,3,6,False,,0.333333,0.0,0.666667,0.0,0.0,0.0,0.0,0.0,0.0
4,Proportional Fairness,0.2829861693382127,0.14051689164402378,3,7,False,,0.333333,0.0,0.666667,0.0,0.0,0.0,0.0,0.0,0.0
4,Maximin,0.1636388617144621,0.03873493828174461,3,8,False,,0.333333,0.0,0.666667,0.0,0.0,0.0,0.0,0.0,0.0
4,Healthcare_Provider,0.10970017636684311,0.0869837264745589,3,9,False,,0.333333,0.0,0.666667,0.0,0.0,0.0,0.0,0.0,0.0
5,Policy_Maker,0.8233806001780382,0.09887216483596137,3,1,True,0.6666666666666666,0.416667,0.0,0.583333,0.0,0.0,0.0,0.0,0.0,0.0
5,Nash Bargaining,0.5757320392367781,0.05046086024273787,3,2,False,,0.416667,0.0,0.583333,0.0,0.0,0.0,0.0,0.0,0.0
5,Parent,0.5617289223816312,0.04746037534139994,3,3,False,,0.416667,0.0,0.583333,0.0,0.0,0.0,0.0,0.0,0.0
5,Compromise Programming,0.5463118094920759,0.0915493716894847,3,4,False,,0.416667,0.0,0.583333,0.0,0.0,0.0,0.0,0.0,0.0
5,Kalai-Smorodinsky,0.4629039280364247,0.27070542617918364,3,5,False,,0.416667,0.0,0.583333,0.0,0.0,0.0,0.0,0.0,0.0
5,Nash Social Welfare,0.2956055261844847,0.15194865675522085,3,6,False,,0.416667,0.0,0.583333,0.0,0.0,0.0,0.0,0.0,0.0
5,Proportional Fairness,0.2956055261844847,0.15194865675522085,3,7,False,,0.416667,0.0,0.583333,0.0,0.0,0.0,0.0,0.0,0.0
5,Maximin,0.17563983849573783,0.0505981137983828,3,8,False,,0.416667,0.0,0.583333,0.0,0.0,0.0,0.0,0.0,0.0
5,Healthcare_Provider,0.1371252204585539,0.10872965809319865,3,9,False,,0.416667,0.0,0.583333,0.0,0.0,0.0,0.0,0.0,0.0
6,Policy_Maker,0.8321693455151472,0.09264913757043786,3,1,True,0.6666666666666666,0.5,0.0,0.5,0.0,0.0,0.0,0.0,0.0,0.0
6,Nash Bargaining,0.607320915967536,0.07037658664089905,3,2,False,,0.5,0.0,0.5,0.0,0.0,0.0,0.0,0.0,0.0
6,Parent,0.5911056806908477,0.06160989570873633,3,3,False,,0.5,0.0,0.5,0.0,0.0,0.0,0.0,0.0,0.0
6,Compromise Programming,0.5454802053131415,0.10433141121572732,3,4,False,,0.5,0.0,0.5,0.0,0.0,0.0,0.0,0.0,0.0
6,Kalai-Smorodinsky,0.48881804697704295,0.2623263708573318,3,5,False,,0.5,0.0,0.5,0.0,0.0,0.0,0.0,0.0,0.0
6,Nash Social Welfare,0.3082248830307566,0.16459063408637062,3,6,False,,0.5,0.0,0.5,0.0,0.0,0.0,0.0,0.0,0.0
6,Proportional Fairness,0.3082248830307566,0.16459063408637062,3,7,False,,0.5,0.0,0.5,0.0,0.0,0.0,0.0,0.0,0.0
6,Maximin,0.18764081527701348,0.062474096011469984,3,8,False,,0.5,0.0,0.5,0.0,0.0,0.0,0.0,0.0,0.0
6,Healthcare_Provider,0.1645502645502647,0.13047558971183837,3,9,False,,0.5,0.0,0.5,0.0,0.0,0.0,0.0,0.0,0.0
7,Policy_Maker,0.8409580908522564,0.08643291111905309,3,1,True,0.3333333333333333,0.583333,0.0,0.416667,0.0,0.0,0.0,0.0,0.0,0.0
7,Nash Bargaining,0.6389097926982941,0.09108027961166919,3,2,False,,0.583333,0.0,0.416667,0.0,0.0,0.0,0.0,0.0,0.0
7,Parent,0.6204824390000643,0.0770708377263304,3,3,False,,0.583333,0.0,0.416667,0.0,0.0,0.0,0.0,0.0,0.0
7,Compromise Programming,0.5446486011342069,0.1185786095529168,3,4,False,,0.583333,0.0,0.416667,0.0,0.0,0.0,0.0,0.0,0.0
7,Kalai-Smorodinsky,0.5147321659176612,0.25569910673060403,3,5,False,,0.583333,0.0,0.416667,0.0,0.0,0.0,0.0,0.0,0.0
7,Nash Social Welfare,0.32084423987702865,0.17818542155578046,3,6,False,,0.583333,0.0,0.416667,0.0,0.0,0.0,0.0,0.0,0.0
7,Proportional Fairness,0.32084423987702865,0.17818542155578046,3,7,False,,0.583333,0.0,0.416667,0.0,0.0,0.0,0.0,0.0,0.0
7,Maximin,0.19964179205828916,0.07435674886101049,3,8,False,,0.583333,0.0,0.416667,0.0,0.0,0.0,0.0,0.0,0.0
7,Healthcare_Provider,0.19197530864197546,0.15222152133047812,3,9,False,,0.583333,0.0,0.416667,0.0,0.0,0.0,0.0,0.0,0.0
8,Policy_Maker,0.8497468361893651,0.08022506637737438,3,1,True,0.3333333333333333,0.666667,0.0,0.333333,0.0,0.0,0.0,0.0,0.0,0.0
8,Nash Bargaining,0.670498669429052,0.11213633923570324,3,2,False,,0.666667,0.0,0.333333,0.0,0.0,0.0,0.0,0.0,0.0
8,Parent,0.6498591973092808,0.0931927656169592,3,3,False,,0.666667,0.0,0.333333,0.0,0.0,0.0,0.0,0.0,0.0
8,Compromise Programming,0.5438169969552723,0.13382382929976674,3,4,False,,0.666667,0.0,0.333333,0.0,0.0,0.0,0.0,0.0,0.0
8,Kalai-Smorodinsky,0.5406462848582795,0.2509624529084077,3,5,False,,0.666667,0.0,0.333333,0.0,0.0,0.0,0.0,0.0,0.0
8,Nash Social Welfare,0.33346359672330056,0.19253128880233697,3,6,False,,0.666667,0.0,0.333333,0.0,0.0,0.0,0.0,0.0,0.0
8,Proportional Fairness,0.33346359672330056,0.19253128880233697,3,7,False,,0.666667,0.0,0.333333,0.0,0.0,0.0,0.0,0.0,0.0
8,Healthcare_Provider,0.21940035273368622,0.1739674529491178,3,8,False,,0.666667,0.0,0.333333,0.0,0.0,0.0,0.0,0.0,0.0
8,Maximin,0.21164276883956487,0.08624331513886245,3,9,False,,0.666667,0.0,0.333333,0.0,0.0,0.0,0.0,0.0,0.0
9,Policy_Maker,0.8585355815264742,0.07402771200547754,3,1,True,0.3333333333333333,0.75,0.0,0.25,0.0,0.0,0.0,0.0,0.0,0.0
9,Nash Bargaining,0.7020875461598101,0.1333779879753725,3,2,False,,0.75,0.0,0.25,0.0,0.0,0.0,0.0,0.0,0.0
9,Parent,0.6792359556184974,0.10968460172576101,3,3,False,,0.75,0.0,0.25,0.0,0.0,0.0,0.0,0.0,0.0
9,Kalai-Smorodinsky,0.5665604037988978,0.24822466357738537,3,4,False,,0.75,0.0,0.25,0.0,0.0,0.0,0.0,0.0,0.0
9,Compromise Programming,0.5429853927763378,0.149762596468929,3,5,False,,0.75,0.0,0.25,0.0,0.0,0.0,0.0,0.0,0.0
9,Nash Social Welfare,0.34608295356957247,0.20747249207445936,3,6,False,,0.75,0.0,0.25,0.0,0.0,0.0,0.0,0.0,0.0
9,Proportional Fairness,0.34608295356957247,0.20747249207445936,3,7,False,,0.75,0.0,0.25,0.0,0.0,0.0,0.0,0.0,0.0
9,Healthcare_Provider,0.24682539682539703,0.19571338456775755,3,8,False,,0.75,0.0,0.25,0.0,0.0,0.0,0.0,0.0,0.0
9,Maximin,0.22364374562084055,0.09813237277950454,3,9,False,,0.75,0.0,0.25,0.0,0.0,0.0,0.0,0.0,0.0
10,Policy_Maker,0.867324326863583,0.0678437228713867,3,1,True,0.3333333333333333,0.833333,0.0,0.166667,0.0,0.0,0.0,0.0,0.0,0.0
10,Nash Bargaining,0.7336764228905682,0.15472880996007668,3,2,False,,0.833333,0.0,0.166667,0.0,0.0,0.0,0.0,0.0,0.0
10,Parent,0.7086127139277139,0.1264016412276451,3,3,False,,0.833333,0.0,0.166667,0.0,0.0,0.0,0.0,0.0,0.0
10,Kalai-Smorodinsky,0.5924745227395162,0.24755206663999607,3,4,False,,0.833333,0.0,0.166667,0.0,0.0,0.0,0.0,0.0,0.0
10,Compromise Programming,0.5421537885974033,0.16619548935362094,3,5,False,,0.833333,0.0,0.166667,0.0,0.0,0.0,0.0,0.0,0.0
10,Nash Social Welfare,0.3587023104158446,0.22288933992926704,3,6,False,,0.833333,0.0,0.166667,0.0,0.0,0.0,0.0,0.0,0.0
10,Proportional Fairness,0.3587023104158446,0.22288933992926704,3,7,False,,0.833333,0.0,0.166667,0.0,0.0,0.0,0.0,0.0,0.0
10,Healthcare_Provider,0.2742504409171078,0.2174593161863973,3,8,False,,0.833333,0.0,0.166667,0.0,0.0,0.0,0.0,0.0,0.0
10,Maximin,0.23564472240211623,0.110023114138634,3,9,False,,0.833333,0.0,0.166667,0.0,0.0,0.0,0.0,0.0,0.0
11,Policy_Maker,0.8761130722006919,0.06167711925912984,3,1,True,0.3333333333333333,0.916667,0.0,0.083333,0.0,0.0,0.0,0.0,0.0,0.0
11,Nash Bargaining,0.7652652996213263,0.17614911138888395,3,2,False,,0.916667,0.0,0.083333,0.0,0.0,0.0,0.0,0.0,0.0
11,Parent,0.7379894722369303,0.14326507149772397,3,3,False,,0.916667,0.0,0.083333,0.0,0.0,0.0,0.0,0.0,0.0
11,Kalai-Smorodinsky,0.6183886416801344,0.2489614007003605,3,4,False,,0.916667,0.0,0.083333,0.0,0.0,0.0,0.0,0.0,0.0
11,Compromise Programming,0.5413221844184687,0.1829894352949807,3,5,False,,0.916667,0.0,0.083333,0.0,0.0,0.0,0.0,0.0,0.0
11,Nash Social Welfare,0.37132166726211646,0.23868968521375644,3,6,False,,0.916667,0.0,0.083333,0.0,0.0,0.0,0.0,0.0,0.0
11,Proportional Fairness,0.37132166726211646,0.23868968521375644,3,7,False,,0.916667,0.0,0.083333,0.0,0.0,0.0,0.0,0.0,0.0
11,Healthcare_Provider,0.3016754850088186,0.23920524780503702,3,8,False,,0.916667,0.0,0.083333,0.0,0.0,0.0,0.0,0.0,0.0
11,Maximin,0.24764569918339188,0.12191504656285403,3,9,False,,0.916667,0.0,0.083333,0.0,0.0,0.0,0.0,0.0,0.0
12,Policy_Maker,0.8849018175378011,0.05553369306945212,3,1,True,0.0,1.0,0.0,0.0,0.0,0.0,0.0,0.0,0.0,0.0
12,Nash Bargaining,0.7968541763520843,0.1976163002149731,3,2,False,,1.0,0.0,0.0,0.0,0.0,0.0,0.0,0.0,0.0
12,Parent,0.7673662305461469,0.16022867806468288,3,3,False,,1.0,0.0,0.0,0.0,0.0,0.0,0.0,0.0,0.0
12,Kalai-Smorodinsky,0.6443027606207526,0.25241779578897233,3,4,False,,1.0,0.0,0.0,0.0,0.0,0.0,0.0,0.0,0.0
12,Compromise Programming,0.5404905802395342,0.20005352670066695,3,5,False,,1.0,0.0,0.0,0.0,0.0,0.0,0.0,0.0,0.0
12,Nash Social Welfare,0.38394102410838843,0.25480219560984935,3,6,False,,1.0,0.0,0.0,0.0,0.0,0.0,0.0,0.0,0.0
12,Proportional Fairness,0.38394102410838843,0.25480219560984935,3,7,False,,1.0,0.0,0.0,0.0,0.0,0.0,0.0,0.0,0.0
12,Healthcare_Provider,0.3291005291005294,0.26095117942367674,3,8,False,,1.0,0.0,0.0,0.0,0.0,0.0,0.0,0.0,0.0
12,Maximin,0.25964667596466756,0.13380785249123306,3,9,False,,1.0,0.0,0.0,0.0,0.0,0.0,0.0,0.0,0.0
13,Policy_Maker,0.7959652821829337,0.11940345179509008,3,1,True,0.3333333333333333,0.0,0.0,0.916667,0.0,0.0,0.0,0.083333,0.0,0.0
13,Compromise Programming,0.5829306778545196,0.07065558116850446,3,2,False,,0.0,0.0,0.916667,0.0,0.0,0.0,0.083333,0.0,0.0
13,Nash Bargaining,0.4570460916918127,0.06183916909999286,3,3,False,,0.0,0.0,0.916667,0.0,0.0,0.0,0.083333,0.0,0.0
13,Parent,0.4550895180807342,0.054596999799268305,3,4,False,,0.0,0.0,0.916667,0.0,0.0,0.0,0.083333,0.0,0.0
13,Kalai-Smorodinsky,0.3487037037037037,0.32453707666296583,3,5,False,,0.0,0.0,0.916667,0.0,0.0,0.0,0.083333,0.0,0.0
13,Nash Social Welfare,0.2829478282718459,0.10616924109829701,3,6,False,,0.0,0.0,0.916667,0.0,0.0,0.0,0.083333,0.0,0.0
13,Proportional Fairness,0.2829478282718459,0.10616924109829701,3,7,False,,0.0,0.0,0.916667,0.0,0.0,0.0,0.083333,0.0,0.0
13,Maximin,0.1650727824476535,0.011398152638325124,3,8,False,,0.0,0.0,0.916667,0.0,0.0,0.0,0.083333,0.0,0.0
13,Healthcare_Provider,0.024814814814814814,0.000667694680641478,3,9,False,,0.0,0.0,0.916667,0.0,0.0,0.0,0.083333,0.0,0.0
14,Policy_Maker,0.8047540275200428,0.11316427999955195,3,1,True,0.6666666666666666,0.083333,0.0,0.833333,0.0,0.0,0.0,0.083333,0.0,0.0
14,Compromise Programming,0.582099073675585,0.06493648704559797,3,2,False,,0.083333,0.0,0.833333,0.0,0.0,0.0,0.083333,0.0,0.0
14,Nash Bargaining,0.4886349684225708,0.04242111786460141,3,3,False,,0.083333,0.0,0.833333,0.0,0.0,0.0,0.083333,0.0,0.0
14,Parent,0.48446627638995077,0.04103600901855145,3,4,False,,0.083333,0.0,0.833333,0.0,0.0,0.0,0.083333,0.0,0.0
14,Kalai-Smorodinsky,0.374617822644322,0.3097650099329598,3,5,False,,0.083333,0.0,0.833333,0.0,0.0,0.0,0.083333,0.0,0.0
14,Nash Social Welfare,0.2955671851181179,0.1092456030133896,3,6,False,,0.083333,0.0,0.833333,0.0,0.0,0.0,0.083333,0.0,0.0
14,Proportional Fairness,0.2955671851181179,0.1092456030133896,3,7,False,,0.083333,0.0,0.833333,0.0,0.0,0.0,0.083333,0.0,0.0
14,Maximin,0.17707375922892918,0.0026592774087240765,3,8,False,,0.083333,0.0,0.833333,0.0,0.0,0.0,0.083333,0.0,0.0
14,Healthcare_Provider,0.052239858906525584,0.021216559201313826,3,9,False,,0.083333,0.0,0.833333,0.0,0.0,0.0,0.083333,0.0,0.0
15,Policy_Maker,0.8135427728571517,0.10692872370800739,3,1,True,0.6666666666666666,0.166667,0.0,0.75,0.0,0.0,0.0,0.083333,0.0,0.0
15,Compromise Programming,0.5812674694966505,0.06413556670911419,3,2,False,,0.166667,0.0,0.75,0.0,0.0,0.0,0.083333,0.0,0.0
15,Nash Bargaining,0.5202238451533289,0.02666847395177136,3,3,False,,0.166667,0.0,0.75,0.0,0.0,0.0,0.083333,0.0,0.0
15,Parent,0.5138430346991673,0.03143116991399049,3,4,False,,0.166667,0.0,0.75,0.0,0.0,0.0,0.083333,0.0,0.0
15,Kalai-Smorodinsky,0.40053194158494027,0.29600273627099305,3,5,False,,0.166667,0.0,0.75,0.0,0.0,0.0,0.083333,0.0,0.0
15,Nash Social Welfare,0.3081865419643899,0.1151328836039033,3,6,False,,0.166667,0.0,0.75,0.0,0.0,0.0,0.083333,0.0,0.0
15,Proportional Fairness,0.3081865419643899,0.1151328836039033,3,7,False,,0.166667,0.0,0.75,0.0,0.0,0.0,0.083333,0.0,0.0
15,Maximin,0.18907473601020486,0.012934276374783565,3,8,False,,0.166667,0.0,0.75,0.0,0.0,0.0,0.083333,0.0,0.0
15,Healthcare_Provider,0.07966490299823638,0.0429605637349449,3,9,False,,0.166667,0.0,0.75,0.0,0.0,0.0,0.083333,0.0,0.0
16,Policy_Maker,0.8223315181942605,0.1006974545785621,3,1,True,0.6666666666666666,0.25,0.0,0.666667,0.0,0.0,0.0,0.083333,0.0,0.0
16,Compromise Programming,0.580435865317716,0.06842573968973573,3,2,False,,0.25,0.0,0.666667,0.0,0.0,0.0,0.083333,0.0,0.0
16,Nash Bargaining,0.5518127218840869,0.023644272479381254,3,3,False,,0.25,0.0,0.666667,0.0,0.0,0.0,0.083333,0.0,0.0
16,Parent,0.5432197930083839,0.02987851410388102,3,4,False,,0.25,0.0,0.666667,0.0,0.0,0.0,0.083333,0.0,0.0
16,Kalai-Smorodinsky,0.4264460605255585,0.283397405832144,3,5,False,,0.25,0.0,0.666667,0.0,0.0,0.0,0.083333,0.0,0.0
16,Nash Social Welfare,0.32080589881066185,0.12342951463471286,3,6,False,,0.25,0.0,0.666667,0.0,0.0,0.0,0.083333,0.0,0.0
16,Proportional Fairness,0.32080589881066185,0.12342951463471286,3,7,False,,0.25,0.0,0.666667,0.0,0.0,0.0,0.083333,0.0,0.0
16,Maximin,0.20107571279148054,0.024710101792076056,3,8,False,,0.25,0.0,0.666667,0.0,0.0,0.0,0.083333,0.0,0.0
16,Healthcare_Provider,0.10708994708994717,0.0647058635088875,3,9,False,,0.25,0.0,0.666667,0.0,0.0,0.0,0.083333,0.0,0.0
17,Policy_Maker,0.8311202635313696,0.09447132095060154,3,1,True,0.6666666666666666,0.333333,0.0,0.583333,0.0,0.0,0.0,0.083333,0.0,0.0
17,Nash Bargaining,0.583401598614845,0.0366481049356056,3,2,False,,0.333333,0.0,0.583333,0.0,0.0,0.0,0.083333,0.0,0.0
17,Compromise Programming,0.5796042611387814,0.07696025048548016,3,3,False,,0.333333,0.0,0.583333,0.0,0.0,0.0,0.083333,0.0,0.0
17,Parent,0.5725965513176005,0.03739485960465237,3,4,False,,0.333333,0.0,0.583333,0.0,0.0,0.0,0.083333,0.0,0.0
17,Kalai-Smorodinsky,0.45236017946617685,0.27210985031084106,3,5,False,,0.333333,0.0,0.583333,0.0,0.0,0.0,0.083333,0.0,0.0
17,Nash Social Welfare,0.33342525565693376,0.13368767469662896,3,6,False,,0.333333,0.0,0.583333,0.0,0.0,0.0,0.083333,0.0,0.0
17,Proportional Fairness,0.33342525565693376,0.13368767469662896,3,7,False,,0.333333,0.0,0.583333,0.0,0.0,0.0,0.083333,0.0,0.0
17,Maximin,0.21307668957275624,0.03656436286937021,3,8,False,,0.333333,0.0,0.583333,0.0,0.0,0.0,0.083333,0.0,0.0
17,Healthcare_Provider,0.1345149911816579,0.08645148114614583,3,9,False,,0.333333,0.0,0.583333,0.0,0.0,0.0,0.083333,0.0,0.0
18,Policy_Maker,0.8399090088684785,0.0882514097591271,3,1,True,0.6666666666666666,0.416667,0.0,0.5,0.0,0.0,0.0,0.083333,0.0,0.0
18,Nash Bargaining,0.6149904753456031,0.055347117592446524,3,2,False,,0.416667,0.0,0.5,0.0,0.0,0.0,0.083333,0.0,0.0
18,Parent,0.6019733096268169,0.05004865833915707,3,3,False,,0.416667,0.0,0.5,0.0,0.0,0.0,0.083333,0.0,0.0
18,Compromise Programming,0.5787726569598469,0.08851986119058446,3,4,False,,0.416667,0.0,0.5,0.0,0.0,0.0,0.083333,0.0,0.0
18,Kalai-Smorodinsky,0.4782742984067951,0.2623102416820837,3,5,False,,0.416667,0.0,0.5,0.0,0.0,0.0,0.083333,0.0,0.0
18,Nash Social Welfare,0.34604461250320573,0.14549305390788456,3,6,False,,0.416667,0.0,0.5,0.0,0.0,0.0,0.083333,0.0,0.0
18,Proportional Fairness,0.34604461250320573,0.14549305390788456,3,7,False,,0.416667,0.0,0.5,0.0,0.0,0.0,0.083333,0.0,0.0
18,Maximin,0.22507766635403192,0.048439508768606844,3,8,False,,0.416667,0.0,0.5,0.0,0.0,0.0,0.083333,0.0,0.0
18,Healthcare_Provider,0.16194003527336873,0.10819722499315382,3,9,False,,0.416667,0.0,0.5,0.0,0.0,0.0,0.083333,0.0,0.0
19,Policy_Maker,0.8486977542055877,0.08203913630436971,3,1,True,0.3333333333333333,0.5,0.0,0.416667,0.0,0.0,0.0,0.083333,0.0,0.0
19,Nash Bargaining,0.6465793520763611,0.07562877172308209,3,2,False,,0.5,0.0,0.416667,0.0,0.0,0.0,0.083333,0.0,0.0
19,Parent,0.6313500679360334,0.064901491779079,3,3,False,,0.5,0.0,0.416667,0.0,0.0,0.0,0.083333,0.0,0.0
19,Compromise Programming,0.5779410527809125,0.1020820202745075,3,4,False,,0.5,0.0,0.416667,0.0,0.0,0.0,0.083333,0.0,0.0
19,Kalai-Smorodinsky,0.5041884173474134,0.25417074260772726,3,5,False,,0.5,0.0,0.416667,0.0,0.0,0.0,0.083333,0.0,0.0
19,Nash Social Welfare,0.3586639693494777,0.1585003097533678,3,6,False,,0.5,0.0,0.416667,0.0,0.0,0.0,0.083333,0.0,0.0
19,Proportional Fairness,0.3586639693494777,0.1585003097533678,3,7,False,,0.5,0.0,0.416667,0.0,0.0,0.0,0.083333,0.0,0.0
19,Maximin,0.2370786431353076,0.060323206676018495,3,8,False,,0.5,0.0,0.416667,0.0,0.0,0.0,0.083333,0.0,0.0
19,Healthcare_Provider,0.18936507936507951,0.1299430316869704,3,9,False,,0.5,0.0,0.416667,0.0,0.0,0.0,0.083333,0.0,0.0
20,Policy_Maker,0.8574864995426964,0.07583637758643495,3,1,True,0.3333333333333333,0.583333,0.0,0.333333,0.0,0.0,0.0,0.083333,0.0,0.0
20,Nash Bargaining,0.6781682288071192,0.09650029354888533,3,2,False,,0.583333,0.0,0.333333,0.0,0.0,0.0,0.083333,0.0,0.0
20,Parent,0.66072682624525,0.08074888126563869,3,3,False,,0.583333,0.0,0.333333,0.0,0.0,0.0,0.083333,0.0,0.0
20,Compromise Programming,0.5771094486019779,0.11695212383348028,3,4,False,,0.583333,0.0,0.333333,0.0,0.0,0.0,0.083333,0.0,0.0
20,Kalai-Smorodinsky,0.5301025362880316,0.24785495991716477,3,5,False,,0.583333,0.0,0.333333,0.0,0.0,0.0,0.083333,0.0,0.0
20,Nash Social Welfare,0.3712833261957496,0.17243767782942485,3,6,False,,0.583333,0.0,0.333333,0.0,0.0,0.0,0.083333,0.0,0.0
20,Proportional Fairness,0.3712833261957496,0.17243767782942485,3,7,False,,0.583333,0.0,0.333333,0.0,0.0,0.0,0.083333,0.0,0.0
20,Maximin,0.2490796199165833,0.07221123454036835,3,8,False,,0.583333,0.0,0.333333,0.0,0.0,0.0,0.083333,0.0,0.0
20,Healthcare_Provider,0.2167901234567903,0.15168887419882834,3,9,False,,0.583333,0.0,0.333333,0.0,0.0,0.0,0.083333,0.0,0.0
21,Policy_Maker,0.8662752448798053,0.06964567584616803,3,1,True,0.3333333333333333,0.666667,0.0,0.25,0.0,0.0,0.0,0.083333,0.0,0.0
21,Nash Bargaining,0.7097571055378772,0.11764816213536451,3,2,False,,0.666667,0.0,0.25,0.0,0.0,0.0,0.083333,0.0,0.0
21,Parent,0.6901035845544666,0.09710511198210278,3,3,False,,0.666667,0.0,0.25,0.0,0.0,0.0,0.083333,0.0,0.0
21,Compromise Programming,0.5762778444230432,0.13269117168338884,3,4,False,,0.666667,0.0,0.25,0.0,0.0,0.0,0.083333,0.0,0.0
21,Kalai-Smorodinsky,0.5560166552286498,0.24350484012569587,3,5,False,,0.666667,0.0,0.25,0.0,0.0,0.0,0.083333,0.0,0.0
21,Nash Social Welfare,0.3839026830420216,0.18709741410643685,3,6,False,,0.666667,0.0,0.25,0.0,0.0,0.0,0.083333,0.0,0.0
21,Proportional Fairness,0.3839026830420216,0.18709741410643685,3,7,False,,0.666667,0.0,0.25,0.0,0.0,0.0,0.083333,0.0,0.0
21,Maximin,0.26108059669785894,0.08410175622567742,3,8,False,,0.666667,0.0,0.25,0.0,0.0,0.0,0.083333,0.0,0.0
21,Healthcare_Provider,0.24421516754850103,0.17343473905576132,3,9,False,,0.666667,0.0,0.25,0.0,0.0,0.0,0.083333,0.0,0.0
22,Policy_Maker,0.8750639902169143,0.06347055917099277,3,1,True,0.3333333333333333,0.75,0.0,0.166667,0.0,0.0,0.0,0.083333,0.0,0.0
22,Nash Bargaining,0.7413459822686352,0.1389462533095658,3,2,False,,0.75,0.0,0.166667,0.0,0.0,0.0,0.083333,0.0,0.0
22,Parent,0.7194803428636831,0.1137508966002617,3,3,False,,0.75,0.0,0.166667,0.0,0.0,0.0,0.083333,0.0,0.0
22,Kalai-Smorodinsky,0.5819307741692682,0.24122674898333216,3,4,False,,0.75,0.0,0.166667,0.0,0.0,0.0,0.083333,0.0,0.0
22,Compromise Programming,0.5754462402441087,0.14902409933957517,3,5,False,,0.75,0.0,0.166667,0.0,0.0,0.0,0.083333,0.0,0.0
22,Nash Social Welfare,0.3965220398882936,0.20232255702774857,3,6,False,,0.75,0.0,0.166667,0.0,0.0,0.0,0.083333,0.0,0.0
22,Proportional Fairness,0.3965220398882936,0.20232255702774857,3,7,False,,0.75,0.0,0.166667,0.0,0.0,0.0,0.083333,0.0,0.0
22,Maximin,0.2730815734791347,0.09599384502599739,3,8,False,,0.75,0.0,0.166667,0.0,0.0,0.0,0.083333,0.0,0.0
22,Healthcare_Provider,0.27164021164021185,0.19518061878910314,3,9,False,,0.75,0.0,0.166667,0.0,0.0,0.0,0.083333,0.0,0.0
23,Policy_Maker,0.8838527355540234,0.0573160650922521,3,1,True,0.3333333333333333,0.833333,0.0,0.083333,0.0,0.0,0.0,0.083333,0.0,0.0
23,Nash Bargaining,0.7729348589993933,0.16033471370801783,3,2,False,,0.833333,0.0,0.083333,0.0,0.0,0.0,0.083333,0.0,0.0
23,Parent,0.7488571011728996,0.13057554494840254,3,3,False,,0.833333,0.0,0.083333,0.0,0.0,0.0,0.083333,0.0,0.0
23,Kalai-Smorodinsky,0.6078448931098864,0.24107943283660654,3,4,False,,0.833333,0.0,0.083333,0.0,0.0,0.0,0.083333,0.0,0.0
23,Compromise Programming,0.5746146360651742,0.16577546468927387,3,5,False,,0.833333,0.0,0.083333,0.0,0.0,0.0,0.083333,0.0,0.0
23,Nash Social Welfare,0.4091413967345656,0.21799467169175865,3,6,False,,0.833333,0.0,0.083333,0.0,0.0,0.0,0.083333,0.0,0.0
23,Proportional Fairness,0.4091413967345656,0.21799467169175865,3,7,False,,0.833333,0.0,0.083333,0.0,0.0,0.0,0.083333,0.0,0.0
23,Healthcare_Provider,0.2990652557319226,0.21692650892498017,3,8,False,,0.833333,0.0,0.083333,0.0,0.0,0.0,0.083333,0.0,0.0
23,Maximin,0.28508255026041035,0.10788698272609108,3,9,False,,0.833333,0.0,0.083333,0.0,0.0,0.0,0.083333,0.0,0.0
24,Policy_Maker,0.8926414808911322,0.051189632471935774,3,1,True,0.0,0.916667,0.0,0.0,0.0,0.0,0.0,0.083333,0.0,0.0
24,Nash Bargaining,0.8045237357301515,0.18178164755284582,3,2,False,,0.916667,0.0,0.0,0.0,0.0,0.0,0.083333,0.0,0.0
24,Parent,0.7782338594821162,0.14751787063499566,3,3,False,,0.916667,0.0,0.0,0.0,0.0,0.0,0.083333,0.0,0.0
24,Kalai-Smorodinsky,0.6337590120505047,0.24306676593046955,3,4,False,,0.916667,0.0,0.0,0.0,0.0,0.0,0.083333,0.0,0.0
24,Compromise Programming,0.5737830318862396,0.18283028898306192,3,5,False,,0.916667,0.0,0.0,0.0,0.0,0.0,0.083333,0.0,0.0
24,Nash Social Welfare,0.4217607535808376,0.23402397692665755,3,6,False,,0.916667,0.0,0.0,0.0,0.0,0.0,0.083333,0.0,0.0
24,Proportional Fairness,0.4217607535808376,0.23402397692665755,3,7,False,,0.916667,0.0,0.0,0.0,0.0,0.0,0.083333,0.0,0.0
24,Healthcare_Provider,0.32649029982363337,0.23867240662000894,3,8,False,,0.916667,0.0,0.0,0.0,0.0,0.0,0.083333,0.0,0.0
24,Maximin,0.297083527041686,0.11978085688805738,3,9,False,,0.916667,0.0,0.0,0.0,0.0,0.0,0.083333,0.0,0.0
25,Policy_Maker,0.8124936908733743,0.10875797933167772,3,1,True,0.3333333333333333,0.0,0.0,0.833333,0.0,0.0,0.0,0.166667,0.0,0.0
25,Compromise Programming,0.6153915253222905,0.06422023766647636,3,2,False,,0.0,0.0,0.833333,0.0,0.0,0.0,0.166667,0.0,0.0
25,Nash Bargaining,0.4963045278006379,0.05621064849267823,3,3,False,,0.0,0.0,0.833333,0.0,0.0,0.0,0.166667,0.0,0.0
25,Parent,0.49533390532592003,0.049642140158276435,3,4,False,,0.0,0.0,0.833333,0.0,0.0,0.0,0.166667,0.0,0.0
25,Kalai-Smorodinsky,0.36407407407407405,0.3157409036602165,3,5,False,,0.0,0.0,0.833333,0.0,0.0,0.0,0.166667,0.0,0.0
25,Nash Social Welfare,0.333386914590567,0.0985257248349756,3,6,False,,0.0,0.0,0.833333,0.0,0.0,0.0,0.166667,0.0,0.0
25,Proportional Fairness,0.333386914590567,0.0985257248349756,3,7,False,,0.0,0.0,0.833333,0.0,0.0,0.0,0.166667,0.0,0.0
25,Maximin,0.21451061030594765,0.013342757972928937,3,8,False,,0.0,0.0,0.833333,0.0,0.0,0.0,0.166667,0.0,0.0
25,Healthcare_Provider,0.04962962962962963,0.001335389361282956,3,9,False,,0.0,0.0,0.833333,0.0,0.0,0.0,0.166667,0.0,0.0
26,Policy_Maker,0.821282436210483,0.10252423559062224,3,1,True,0.6666666666666666,0.083333,0.0,0.75,0.0,0.0,0.0,0.166667,0.0,0.0
26,Compromise Programming,0.614559921143356,0.058566135727923456,3,2,False,,0.083333,0.0,0.75,0.0,0.0,0.0,0.166667,0.0,0.0
26,Nash Bargaining,0.527893404531396,0.03721488365742157,3,3,False,,0.083333,0.0,0.75,0.0,0.0,0.0,0.166667,0.0,0.0
26,Parent,0.5247106636351365,0.036489822423364474,3,4,False,,0.083333,0.0,0.75,0.0,0.0,0.0,0.166667,0.0,0.0
26,Kalai-Smorodinsky,0.3899881930146923,0.3009730418428176,3,5,False,,0.083333,0.0,0.75,0.0,0.0,0.0,0.166667,0.0,0.0
26,Nash Social Welfare,0.346006271436839,0.10159945567699387,3,6,False,,0.083333,0.0,0.75,0.0,0.0,0.0,0.166667,0.0,0.0
26,Proportional Fairness,0.346006271436839,0.10159945567699387,3,7,False,,0.083333,0.0,0.75,0.0,0.0,0.0,0.166667,0.0,0.0
26,Maximin,0.22651158708722333,0.00220062821293825,3,8,False,,0.083333,0.0,0.75,0.0,0.0,0.0,0.166667,0.0,0.0
26,Healthcare_Provider,0.07705467372134041,0.020695189274231522,3,9,False,,0.083333,0.0,0.75,0.0,0.0,0.0,0.166667,0.0,0.0
27,Policy_Maker,0.8300711815475923,0.09629520973207854,3,1,True,0.6666666666666666,0.166667,0.0,0.666667,0.0,0.0,0.0,0.166667,0.0,0.0
27,Compromise Programming,0.6137283169644215,0.0583766472998965,3,2,False,,0.166667,0.0,0.666667,0.0,0.0,0.0,0.166667,0.0,0.0
27,Nash Bargaining,0.559482281262154,0.023376184107600534,3,3,False,,0.166667,0.0,0.666667,0.0,0.0,0.0,0.166667,0.0,0.0
27,Parent,0.5540874219443531,0.028275695542029577,3,4,False,,0.166667,0.0,0.666667,0.0,0.0,0.0,0.166667,0.0,0.0
27,Kalai-Smorodinsky,0.4159023119553107,0.28724629995770573,3,5,False,,0.166667,0.0,0.666667,0.0,0.0,0.0,0.166667,0.0,0.0
27,Nash Social Welfare,0.358625628283111,0.10768410012757497,3,6,False,,0.166667,0.0,0.666667,0.0,0.0,0.0,0.166667,0.0,0.0
27,Proportional Fairness,0.358625628283111,0.10768410012757497,3,7,False,,0.166667,0.0,0.666667,0.0,0.0,0.0,0.166667,0.0,0.0
27,Maximin,0.23851256386849903,0.010711032395233562,3,8,False,,0.166667,0.0,0.666667,0.0,0.0,0.0,0.166667,0.0,0.0
27,Healthcare_Provider,0.1044797178130512,0.04243311840262765,3,9,False,,0.166667,0.0,0.666667,0.0,0.0,0.0,0.166667,0.0,0.0
28,Policy_Maker,0.8388599268847011,0.09007188057335302,3,1,True,0.6666666666666666,0.25,0.0,0.583333,0.0,0.0,0.0,0.166667,0.0,0.0
28,Compromise Programming,0.612896712785487,0.06370055740386896,3,2,False,,0.25,0.0,0.583333,0.0,0.0,0.0,0.166667,0.0,0.0
28,Nash Bargaining,0.591071157992912,0.025379760782136204,3,3,False,,0.25,0.0,0.583333,0.0,0.0,0.0,0.166667,0.0,0.0
28,Parent,0.5834641802535696,0.029468042574704527,3,4,False,,0.25,0.0,0.583333,0.0,0.0,0.0,0.166667,0.0,0.0
28,Kalai-Smorodinsky,0.4418164308959289,0.27471678691698387,3,5,False,,0.25,0.0,0.583333,0.0,0.0,0.0,0.166667,0.0,0.0
28,Nash Social Welfare,0.37124498512938287,0.11630806736219877,3,6,False,,0.25,0.0,0.583333,0.0,0.0,0.0,0.166667,0.0,0.0
28,Proportional Fairness,0.37124498512938287,0.11630806736219877,3,7,False,,0.25,0.0,0.583333,0.0,0.0,0.0,0.166667,0.0,0.0
28,Maximin,0.25051354064977466,0.022531745197490752,3,8,False,,0.25,0.0,0.583333,0.0,0.0,0.0,0.166667,0.0,0.0
28,Healthcare_Provider,0.13190476190476197,0.06417646998372284,3,9,False,,0.25,0.0,0.583333,0.0,0.0,0.0,0.166667,0.0,0.0
29,Policy_Maker,0.8476486722218102,0.08385551646413934,3,1,True,0.6666666666666666,0.333333,0.0,0.5,0.0,0.0,0.0,0.166667,0.0,0.0
29,Nash Bargaining,0.6226600347236702,0.0409634762613416,3,2,False,,0.333333,0.0,0.5,0.0,0.0,0.0,0.166667,0.0,0.0
29,Parent,0.6128409385627863,0.039218093590660606,3,3,False,,0.333333,0.0,0.5,0.0,0.0,0.0,0.166667,0.0,0.0
29,Compromise Programming,0.6120651086065525,0.07334695934299407,3,4,False,,0.333333,0.0,0.5,0.0,0.0,0.0,0.166667,0.0,0.0
29,Kalai-Smorodinsky,0.4677305498365473,0.2635553081232027,3,5,False,,0.333333,0.0,0.5,0.0,0.0,0.0,0.166667,0.0,0.0
29,Nash Social Welfare,0.38386434197565494,0.12695492402263875,3,6,False,,0.333333,0.0,0.5,0.0,0.0,0.0,0.166667,0.0,0.0
29,Proportional Fairness,0.38386434197565494,0.12695492402263875,3,7,False,,0.333333,0.0,0.5,0.0,0.0,0.0,0.166667,0.0,0.0
29,Maximin,0.2625145174310504,0.034404981391512116,3,8,False,,0.333333,0.0,0.5,0.0,0.0,0.0,0.166667,0.0,0.0
29,Healthcare_Provider,0.15932980599647276,0.0859211274698898,3,9,False,,0.333333,0.0,0.5,0.0,0.0,0.0,0.166667,0.0,0.0
30,Policy_Maker,0.856437417558919,0.077647790256301,3,1,True,0.6666666666666666,0.416667,0.0,0.416667,0.0,0.0,0.0,0.166667,0.0,0.0
30,Nash Bargaining,0.6542489114544282,0.06039924149852838,3,2,False,,0.416667,0.0,0.416667,0.0,0.0,0.0,0.166667,0.0,0.0
30,Parent,0.6422176968720028,0.05299617866874181,3,3,False,,0.416667,0.0,0.416667,0.0,0.0,0.0,0.166667,0.0,0.0
30,Compromise Programming,0.6112335044276179,0.08587129464421836,3,4,False,,0.416667,0.0,0.416667,0.0,0.0,0.0,0.166667,0.0,0.0
30,Kalai-Smorodinsky,0.49364466877716556,0.2539423145463682,3,5,False,,0.416667,0.0,0.416667,0.0,0.0,0.0,0.166667,0.0,0.0
30,Nash Social Welfare,0.3964836988219269,0.1391611440757736,3,6,False,,0.416667,0.0,0.416667,0.0,0.0,0.0,0.166667,0.0,0.0
30,Proportional Fairness,0.3964836988219269,0.1391611440757736,3,7,False,,0.416667,0.0,0.416667,0.0,0.0,0.0,0.166667,0.0,0.0
30,Maximin,0.274515494212326,0.04629034266117161,3,8,False,,0.416667,0.0,0.416667,0.0,0.0,0.0,0.166667,0.0,0.0
30,Healthcare_Provider,0.18675485008818357,0.10766629962874891,3,9,False,,0.416667,0.0,0.416667,0.0,0.0,0.0,0.166667,0.0,0.0
31,Policy_Maker,0.865226162896028,0.07145095339236057,3,1,True,0.3333333333333333,0.5,0.0,0.333333,0.0,0.0,0.0,0.166667,0.0,0.0
31,Nash Bargaining,0.6858377881851863,0.08095874391262885,3,2,False,,0.5,0.0,0.333333,0.0,0.0,0.0,0.166667,0.0,0.0
31,Parent,0.6715944551812193,0.06841033400733226,3,3,False,,0.5,0.0,0.333333,0.0,0.0,0.0,0.166667,0.0,0.0
31,Compromise Programming,0.6104019002486835,0.10020014675936179,3,4,False,,0.5,0.0,0.333333,0.0,0.0,0.0,0.166667,0.0,0.0
31,Kalai-Smorodinsky,0.5195587877177839,0.24605936081714586,3,5,False,,0.5,0.0,0.333333,0.0,0.0,0.0,0.166667,0.0,0.0
31,Nash Social Welfare,0.4091030556681989,0.15255287737103643,3,6,False,,0.5,0.0,0.333333,0.0,0.0,0.0,0.166667,0.0,0.0
31,Proportional Fairness,0.4091030556681989,0.15255287737103643,3,7,False,,0.5,0.0,0.333333,0.0,0.0,0.0,0.166667,0.0,0.0
31,Maximin,0.28651647099360184,0.05818039858113571,3,8,False,,0.5,0.0,0.333333,0.0,0.0,0.0,0.166667,0.0,0.0
31,Healthcare_Provider,0.21417989417989436,0.12941172701777506,3,9,False,,0.5,0.0,0.333333,0.0,0.0,0.0,0.166667,0.0,0.0
32,Policy_Maker,0.8740149082331369,0.06526810759045991,3,1,True,0.3333333333333333,0.583333,0.0,0.25,0.0,0.0,0.0,0.166667,0.0,0.0
32,Nash Bargaining,0.7174266649159443,0.10196448359283095,3,2,False,,0.583333,0.0,0.25,0.0,0.0,0.0,0.166667,0.0,0.0
32,Parent,0.7009712134904359,0.08457065331072293,3,3,False,,0.583333,0.0,0.25,0.0,0.0,0.0,0.166667,0.0,0.0
32,Compromise Programming,0.6095702960697489,0.11566480426228729,3,4,False,,0.583333,0.0,0.25,0.0,0.0,0.0,0.166667,0.0,0.0
32,Kalai-Smorodinsky,0.545472906658402,0.24007692564185262,3,5,False,,0.583333,0.0,0.25,0.0,0.0,0.0,0.166667,0.0,0.0
32,Nash Social Welfare,0.4217224125144708,0.16684490359224874,3,6,False,,0.583333,0.0,0.25,0.0,0.0,0.0,0.166667,0.0,0.0
32,Proportional Fairness,0.4217224125144708,0.16684490359224874,3,7,False,,0.583333,0.0,0.25,0.0,0.0,0.0,0.166667,0.0,0.0
32,Maximin,0.2985174477748774,0.07007275940523314,3,8,False,,0.583333,0.0,0.25,0.0,0.0,0.0,0.166667,0.0,0.0
32,Healthcare_Provider,0.2416049382716051,0.15115729948508547,3,9,False,,0.583333,0.0,0.25,0.0,0.0,0.0,0.166667,0.0,0.0
33,Policy_Maker,0.882803653570246,0.05910364383838121,3,1,True,0.3333333333333333,0.666667,0.0,0.166667,0.0,0.0,0.0,0.166667,0.0,0.0
33,Nash Bargaining,0.7490155416467025,0.12318839827241762,3,2,False,,0.666667,0.0,0.166667,0.0,0.0,0.0,0.166667,0.0,0.0
33,Parent,0.7303479717996524,0.10112002650668354,3,3,False,,0.666667,0.0,0.166667,0.0,0.0,0.0,0.166667,0.0,0.0
33,Compromise Programming,0.6087386918908143,0.13186626500807913,3,4,False,,0.666667,0.0,0.166667,0.0,0.0,0.0,0.166667,0.0,0.0
33,Kalai-Smorodinsky,0.5713870255990204,0.23613949829893008,3,5,False,,0.666667,0.0,0.166667,0.0,0.0,0.0,0.166667,0.0,0.0
33,Nash Social Welfare,0.43434176936074276,0.18182504888505083,3,6,False,,0.666667,0.0,0.166667,0.0,0.0,0.0,0.166667,0.0,0.0
33,Proportional Fairness,0.43434176936074276,0.18182504888505083,3,7,False,,0.666667,0.0,0.166667,0.0,0.0,0.0,0.166667,0.0,0.0
33,Maximin,0.31051842455615314,0.08196642189641015,3,8,False,,0.666667,0.0,0.166667,0.0,0.0,0.0,0.166667,0.0,0.0
33,Healthcare_Provider,0.26902998236331593,0.17290296229229168,3,9,False,,0.666667,0.0,0.166667,0.0,0.0,0.0,0.166667,0.0,0.0
34,Policy_Maker,0.8915923989073548,0.05296398097084835,3,1,True,0.3333333333333333,0.75,0.0,0.083333,0.0,0.0,0.0,0.166667,0.0,0.0
34,Nash Bargaining,0.7806044183774604,0.14453440725178174,3,2,False,,0.75,0.0,0.083333,0.0,0.0,0.0,0.166667,0.0,0.0
34,Parent,0.7597247301088689,0.11789472794372294,3,3,False,,0.75,0.0,0.083333,0.0,0.0,0.0,0.166667,0.0,0.0
34,Compromise Programming,0.6079070877118796,0.1485636702462644,3,4,False,,0.75,0.0,0.083333,0.0,0.0,0.0,0.166667,0.0,0.0
34,Kalai-Smorodinsky,0.5973011445396385,0.2343501788764468,3,5,False,,0.75,0.0,0.083333,0.0,0.0,0.0,0.166667,0.0,0.0
34,Nash Social Welfare,0.4469611262070147,0.19733666673027456,3,6,False,,0.75,0.0,0.083333,0.0,0.0,0.0,0.166667,0.0,0.0
34,Proportional Fairness,0.4469611262070147,0.19733666673027456,3,7,False,,0.75,0.0,0.083333,0.0,0.0,0.0,0.166667,0.0,0.0
34,Maximin,0.3225194013374288,0.09386089123042494,3,8,False,,0.75,0.0,0.083333,0.0,0.0,0.0,0.166667,0.0,0.0
34,Healthcare_Provider,0.2964550264550267,0.19464868516175637,3,9,False,,0.75,0.0,0.083333,0.0,0.0,0.0,0.166667,0.0,0.0
35,Policy_Maker,0.9003811442444638,0.046858868577445874,3,1,True,0.3333333333333333,0.833333,0.0,0.0,0.0,0.0,0.0,0.166667,0.0,0.0
35,Nash Bargaining,0.8121932951082185,0.16595540408933063,3,2,False,,0.833333,0.0,0.0,0.0,0.0,0.0,0.166667,0.0,0.0
35,Parent,0.7891014884180855,0.13481067001553954,3,3,False,,0.833333,0.0,0.0,0.0,0.0,0.0,0.166667,0.0,0.0
35,Kalai-Smorodinsky,0.6232152634802568,0.2347580909645083,3,4,False,,0.833333,0.0,0.0,0.0,0.0,0.0,0.166667,0.0,0.0
35,Compromise Programming,0.6070754835329452,0.16560707640258843,3,5,False,,0.833333,0.0,0.0,0.0,0.0,0.0,0.166667,0.0,0.0
35,Nash Social Welfare,0.45958048305328664,0.21326381961598612,3,6,False,,0.833333,0.0,0.0,0.0,0.0,0.0,0.166667,0.0,0.0
35,Proportional Fairness,0.45958048305328664,0.21326381961598612,3,7,False,,0.833333,0.0,0.0,0.0,0.0,0.0,0.166667,0.0,0.0
35,Maximin,0.3345203781187045,0.10575589516841016,3,8,False,,0.833333,0.0,0.0,0.0,0.0,0.0,0.166667,0.0,0.0
35,Healthcare_Provider,0.32388007054673745,0.21639444998630764,3,9,False,,0.833333,0.0,0.0,0.0,0.0,0.0,0.166667,0.0,0.0
36,Policy_Maker,0.8290220995638146,0.09812070881381858,3,1,True,0.3333333333333333,0.0,0.0,0.75,0.0,0.0,0.0,0.25,0.0,0.0
36,Compromise Programming,0.6478523727900615,0.057791883096427986,3,2,False,,0.0,0.0,0.75,0.0,0.0,0.0,0.25,0.0,0.0
36,Parent,0.5355782925711058,0.04471238698440331,3,3,False,,0.0,0.0,0.75,0.0,0.0,0.0,0.25,0.0,0.0
36,Nash Bargaining,0.5355629639094629,0.05062559739309553,3,4,False,,0.0,0.0,0.75,0.0,0.0,0.0,0.25,0.0,0.0
36,Nash Social Welfare,0.38382600090928815,0.09088723778636498,3,5,False,,0.0,0.0,0.75,0.0,0.0,0.0,0.25,0.0,0.0
36,Proportional Fairness,0.38382600090928815,0.09088723778636498,3,6,False,,0.0,0.0,0.75,0.0,0.0,0.0,0.25,0.0,0.0
36,Kalai-Smorodinsky,0.3794444444444445,0.30694482151811936,3,7,False,,0.0,0.0,0.75,0.0,0.0,0.0,0.25,0.0,0.0
36,Maximin,0.2639484381642418,0.015373139602457944,3,8,False,,0.0,0.0,0.75,0.0,0.0,0.0,0.25,0.0,0.0
36,Healthcare_Provider,0.07444444444444444,0.002003084041924436,3,9,False,,0.0,0.0,0.75,0.0,0.0,0.0,0.25,0.0,0.0
37,Policy_Maker,0.8378108449009235,0.09189420635249611,3,1,True,0.6666666666666666,0.083333,0.0,0.666667,0.0,0.0,0.0,0.25,0.0,0.0
37,Compromise Programming,0.6470207686111268,0.05221946197149951,3,2,False,,0.083333,0.0,0.666667,0.0,0.0,0.0,0.25,0.0,0.0
37,Nash Bargaining,0.567151840640221,0.03221961869480937,3,3,False,,0.083333,0.0,0.666667,0.0,0.0,0.0,0.25,0.0,0.0
37,Parent,0.5649550508803224,0.03209993804889849,3,4,False,,0.083333,0.0,0.666667,0.0,0.0,0.0,0.25,0.0,0.0
37,Kalai-Smorodinsky,0.4053585633850627,0.29218142232329536,3,5,False,,0.083333,0.0,0.666667,0.0,0.0,0.0,0.25,0.0,0.0
37,Nash Social Welfare,0.39644535775556,0.09395774502015619,3,6,False,,0.083333,0.0,0.666667,0.0,0.0,0.0,0.25,0.0,0.0
37,Proportional Fairness,0.39644535775556,0.09395774502015619,3,7,False,,0.083333,0.0,0.666667,0.0,0.0,0.0,0.25,0.0,0.0
37,Maximin,0.27594941494551745,0.0035786445592585737,3,8,False,,0.083333,0.0,0.666667,0.0,0.0,0.0,0.25,0.0,0.0
37,Healthcare_Provider,0.10186948853615523,0.02018244202822825,3,9,False,,0.083333,0.0,0.666667,0.0,0.0,0.0,0.25,0.0,0.0
38,Policy_Maker,0.8465995902380324,0.08567405991871693,3,1,True,0.6666666666666666,0.166667,0.0,0.583333,0.0,0.0,0.0,0.25,0.0,0.0
38,Compromise Programming,0.6461891644321924,0.05278191009301105,3,2,False,,0.166667,0.0,0.583333,0.0,0.0,0.0,0.25,0.0,0.0
38,Nash Bargaining,0.5987407173709792,0.021200103829911384,3,3,False,,0.166667,0.0,0.583333,0.0,0.0,0.0,0.25,0.0,0.0
38,Parent,0.5943318091895389,0.025738244939105204,3,4,False,,0.166667,0.0,0.583333,0.0,0.0,0.0,0.25,0.0,0.0
38,Kalai-Smorodinsky,0.43127268232568094,0.2784924682936023,3,5,False,,0.166667,0.0,0.583333,0.0,0.0,0.0,0.25,0.0,0.0
38,Nash Social Welfare,0.4090647146018321,0.10026919164394495,3,6,False,,0.166667,0.0,0.583333,0.0,0.0,0.0,0.25,0.0,0.0
38,Proportional Fairness,0.4090647146018321,0.10026919164394495,3,7,False,,0.166667,0.0,0.583333,0.0,0.0,0.0,0.25,0.0,0.0
38,Maximin,0.28795039172679315,0.008505871428554667,3,8,False,,0.166667,0.0,0.583333,0.0,0.0,0.0,0.25,0.0,0.0
38,Healthcare_Provider,0.12929453262786597,0.041909672758107835,3,9,False,,0.166667,0.0,0.583333,0.0,0.0,0.0,0.25,0.0,0.0
39,Policy_Maker,0.8553883355751414,0.07946176214713878,3,1,True,0.6666666666666666,0.25,0.0,0.5,0.0,0.0,0.0,0.25,0.0,0.0
39,Compromise Programming,0.6453575602532577,0.059304934240353414,3,2,False,,0.25,0.0,0.5,0.0,0.0,0.0,0.25,0.0,0.0
39,Nash Bargaining,0.6303295941017372,0.028230707254480097,3,3,False,,0.25,0.0,0.5,0.0,0.0,0.0,0.25,0.0,0.0
39,Parent,0.6237085674987554,0.02992242034411318,3,4,False,,0.25,0.0,0.5,0.0,0.0,0.0,0.25,0.0,0.0
39,Kalai-Smorodinsky,0.45718680126629935,0.26604386385141043,3,5,False,,0.25,0.0,0.5,0.0,0.0,0.0,0.25,0.0,0.0
39,Nash Social Welfare,0.421684071448104,0.10926137846195999,3,6,False,,0.25,0.0,0.5,0.0,0.0,0.0,0.25,0.0,0.0
39,Proportional Fairness,0.421684071448104,0.10926137846195999,3,7,False,,0.25,0.0,0.5,0.0,0.0,0.0,0.25,0.0,0.0
39,Maximin,0.2999513685080688,0.020370637615681957,3,8,False,,0.25,0.0,0.5,0.0,0.0,0.0,0.25,0.0,0.0
39,Healthcare_Provider,0.1567195767195768,0.06364967760394148,3,9,False,,0.25,0.0,0.5,0.0,0.0,0.0,0.25,0.0,0.0
40,Policy_Maker,0.8641770809122504,0.0732593097351648,3,1,True,0.6666666666666666,0.333333,0.0,0.416667,0.0,0.0,0.0,0.25,0.0,0.0
40,Nash Bargaining,0.6619184708324951,0.04561457133314201,3,2,False,,0.333333,0.0,0.416667,0.0,0.0,0.0,0.25,0.0,0.0
40,Parent,0.653085325807972,0.04158230372233349,3,3,False,,0.333333,0.0,0.416667,0.0,0.0,0.0,0.25,0.0,0.0
40,Compromise Programming,0.6445259560743234,0.0701449056250752,3,4,False,,0.333333,0.0,0.416667,0.0,0.0,0.0,0.25,0.0,0.0
40,Kalai-Smorodinsky,0.4831009202069175,0.25501731576706316,3,5,False,,0.333333,0.0,0.416667,0.0,0.0,0.0,0.25,0.0,0.0
40,Nash Social Welfare,0.434303428294376,0.12033483261593539,3,6,False,,0.333333,0.0,0.416667,0.0,0.0,0.0,0.25,0.0,0.0
40,Proportional Fairness,0.434303428294376,0.12033483261593539,3,7,False,,0.333333,0.0,0.416667,0.0,0.0,0.0,0.25,0.0,0.0
40,Maximin,0.3119523452893445,0.03225904185205309,3,8,False,,0.333333,0.0,0.416667,0.0,0.0,0.0,0.25,0.0,0.0
40,Healthcare_Provider,0.18414462081128755,0.08539270069159775,3,9,False,,0.333333,0.0,0.416667,0.0,0.0,0.0,0.25,0.0,0.0
41,Policy_Maker,0.8729658262493594,0.06706943417823773,3,1,True,0.6666666666666666,0.416667,0.0,0.333333,0.0,0.0,0.0,0.25,0.0,0.0
41,Nash Bargaining,0.6935073475632532,0.06557890865097905,3,2,False,,0.416667,0.0,0.333333,0.0,0.0,0.0,0.25,0.0,0.0
41,Parent,0.6824620841171886,0.056246488631426145,3,3,False,,0.416667,0.0,0.333333,0.0,0.0,0.0,0.25,0.0,0.0
41,Compromise Programming,0.6436943518953888,0.08363986915796136,3,4,False,,0.416667,0.0,0.333333,0.0,0.0,0.0,0.25,0.0,0.0
41,Kalai-Smorodinsky,0.5090150391475358,0.24560443082406658,3,5,False,,0.416667,0.0,0.333333,0.0,0.0,0.0,0.25,0.0,0.0
41,Nash Social Welfare,0.4469227851406479,0.1329705987984665,3,6,False,,0.416667,0.0,0.333333,0.0,0.0,0.0,0.25,0.0,0.0
41,Proportional Fairness,0.4469227851406479,0.1329705987984665,3,7,False,,0.416667,0.0,0.333333,0.0,0.0,0.0,0.25,0.0,0.0
41,Maximin,0.32395332207062016,0.04415199385971522,3,8,False,,0.416667,0.0,0.333333,0.0,0.0,0.0,0.25,0.0,0.0
41,Healthcare_Provider,0.21156966490299833,0.10713690441509419,3,9,False,,0.416667,0.0,0.333333,0.0,0.0,0.0,0.25,0.0,0.0
42,Policy_Maker,0.8817545715864683,0.06089597078524097,3,1,True,0.3333333333333333,0.5,0.0,0.25,0.0,0.0,0.0,0.25,0.0,0.0
42,Nash Bargaining,0.7250962242940112,0.08635210048359931,3,2,False,,0.5,0.0,0.25,0.0,0.0,0.0,0.25,0.0,0.0
42,Parent,0.7118388424264049,0.07210471372092173,3,3,False,,0.5,0.0,0.25,0.0,0.0,0.0,0.25,0.0,0.0
42,Compromise Programming,0.6428627477164541,0.09870681338227472,3,4,False,,0.5,0.0,0.25,0.0,0.0,0.0,0.25,0.0,0.0
42,Kalai-Smorodinsky,0.534929158088154,0.2379967495389693,3,5,False,,0.5,0.0,0.25,0.0,0.0,0.0,0.25,0.0,0.0
42,Nash Social Welfare,0.4595421419869199,0.14676570933212,3,6,False,,0.5,0.0,0.25,0.0,0.0,0.0,0.25,0.0,0.0
42,Proportional Fairness,0.4595421419869199,0.14676570933212,3,7,False,,0.5,0.0,0.25,0.0,0.0,0.0,0.25,0.0,0.0
42,Maximin,0.3359542988518958,0.05604659863539349,3,8,False,,0.5,0.0,0.25,0.0,0.0,0.0,0.25,0.0,0.0
42,Healthcare_Provider,0.2389947089947091,0.12888169120483467,3,9,False,,0.5,0.0,0.25,0.0,0.0,0.0,0.25,0.0,0.0
43,Policy_Maker,0.8905433169235772,0.05474447217333155,3,1,True,0.3333333333333333,0.583333,0.0,0.166667,0.0,0.0,0.0,0.25,0.0,0.0
43,Nash Bargaining,0.7566851010247694,0.10746611145907727,3,2,False,,0.583333,0.0,0.166667,0.0,0.0,0.0,0.25,0.0,0.0
43,Parent,0.7412156007356216,0.08851753925120821,3,3,False,,0.583333,0.0,0.166667,0.0,0.0,0.0,0.25,0.0,0.0
43,Compromise Programming,0.6420311435375196,0.11472806836654076,3,4,False,,0.583333,0.0,0.166667,0.0,0.0,0.0,0.25,0.0,0.0
43,Kalai-Smorodinsky,0.5608432770287725,0.232371642833504,3,5,False,,0.583333,0.0,0.166667,0.0,0.0,0.0,0.25,0.0,0.0
43,Nash Social Welfare,0.47216149883319186,0.1614232071714534,3,6,False,,0.583333,0.0,0.166667,0.0,0.0,0.0,0.25,0.0,0.0
43,Proportional Fairness,0.47216149883319186,0.1614232071714534,3,7,False,,0.583333,0.0,0.166667,0.0,0.0,0.0,0.25,0.0,0.0
43,Maximin,0.34795527563317147,0.06794198813427668,3,8,False,,0.583333,0.0,0.166667,0.0,0.0,0.0,0.25,0.0,0.0
43,Healthcare_Provider,0.2664197530864199,0.1506268085432099,3,9,False,,0.583333,0.0,0.166667,0.0,0.0,0.0,0.25,0.0,0.0
44,Policy_Maker,0.8993320622606862,0.048623275578350555,3,1,True,0.3333333333333333,0.666667,0.0,0.083333,0.0,0.0,0.0,0.25,0.0,0.0
44,Nash Bargaining,0.7882739777555274,0.12875337984872093,3,2,False,,0.666667,0.0,0.083333,0.0,0.0,0.0,0.25,0.0,0.0
44,Parent,0.770592359044838,0.10522576930725883,3,3,False,,0.666667,0.0,0.083333,0.0,0.0,0.0,0.25,0.0,0.0
44,Compromise Programming,0.6411995393585851,0.13135490741447087,3,4,False,,0.666667,0.0,0.083333,0.0,0.0,0.0,0.25,0.0,0.0
44,Kalai-Smorodinsky,0.5867573959693906,0.22887533560105103,3,5,False,,0.666667,0.0,0.083333,0.0,0.0,0.0,0.25,0.0,0.0
44,Nash Social Welfare,0.4847808556794639,0.17672864871914684,3,6,False,,0.666667,0.0,0.083333,0.0,0.0,0.0,0.25,0.0,0.0
44,Proportional Fairness,0.4847808556794639,0.17672864871914684,3,7,False,,0.666667,0.0,0.083333,0.0,0.0,0.0,0.25,0.0,0.0
44,Maximin,0.35995625241444723,0.07983781159896754,3,8,False,,0.666667,0.0,0.083333,0.0,0.0,0.0,0.25,0.0,0.0
44,Healthcare_Provider,0.29384479717813067,0.17237213133198867,3,9,False,,0.666667,0.0,0.083333,0.0,0.0,0.0,0.25,0.0,0.0
45,Policy_Maker,0.9081208075977951,0.042545462051452314,3,1,True,0.3333333333333333,0.75,0.0,0.0,0.0,0.0,0.0,0.25,0.0,0.0
45,Nash Bargaining,0.8198628544862855,0.15014022908245553,3,2,False,,0.75,0.0,0.0,0.0,0.0,0.0,0.25,0.0,0.0
45,Parent,0.7999691173540547,0.1221082022405616,3,3,False,,0.75,0.0,0.0,0.0,0.0,0.0,0.25,0.0,0.0
45,Compromise Programming,0.6403679351796506,0.14838389771239638,3,4,False,,0.75,0.0,0.0,0.0,0.0,0.0,0.25,0.0,0.0
45,Kalai-Smorodinsky,0.6126715149100089,0.22760595192387081,3,5,False,,0.75,0.0,0.0,0.0,0.0,0.0,0.25,0.0,0.0
45,Nash Social Welfare,0.49740021252573574,0.1925275664145093,3,6,False,,0.75,0.0,0.0,0.0,0.0,0.0,0.25,0.0,0.0
45,Proportional Fairness,0.49740021252573574,0.1925275664145093,3,7,False,,0.75,0.0,0.0,0.0,0.0,0.0,0.25,0.0,0.0
45,Maximin,0.37195722919572294,0.09173390020280955,3,8,False,,0.75,0.0,0.0,0.0,0.0,0.0,0.25,0.0,0.0
45,Healthcare_Provider,0.3212698412698414,0.19411759052666253,3,9,False,,0.75,0.0,0.0,0.0,0.0,0.0,0.25,0.0,0.0
46,Policy_Maker,0.8455505082542548,0.08749463177836697,3,1,True,0.6666666666666666,0.0,0.0,0.666667,0.0,0.0,0.0,0.333333,0.0,0.0
46,Compromise Programming,0.6803132202578324,0.05137314111417161,3,2,False,,0.0,0.0,0.666667,0.0,0.0,0.0,0.333333,0.0,0.0
46,Parent,0.5758226798162915,0.039817066669062054,3,3,False,,0.0,0.0,0.666667,0.0,0.0,0.0,0.333333,0.0,0.0
46,Nash Bargaining,0.5748214000182881,0.045100168040691856,3,4,False,,0.0,0.0,0.666667,0.0,0.0,0.0,0.333333,0.0,0.0
46,Nash Social Welfare,0.43426508722800916,0.08325516422374113,3,5,False,,0.0,0.0,0.666667,0.0,0.0,0.0,0.333333,0.0,0.0
46,Proportional Fairness,0.43426508722800916,0.08325516422374113,3,6,False,,0.0,0.0,0.666667,0.0,0.0,0.0,0.333333,0.0,0.0
46,Kalai-Smorodinsky,0.3948148148148148,0.2981488382784743,3,7,False,,0.0,0.0,0.666667,0.0,0.0,0.0,0.333333,0.0,0.0
46,Maximin,0.3133862660225359,0.017459397936471485,3,8,False,,0.0,0.0,0.666667,0.0,0.0,0.0,0.333333,0.0,0.0
46,Healthcare_Provider,0.09925925925925926,0.002670778722565912,3,9,False,,0.0,0.0,0.666667,0.0,0.0,0.0,0.333333,0.0,0.0
47,Policy_Maker,0.8543392535913639,0.08127812190840882,3,1,True,0.6666666666666666,0.083333,0.0,0.583333,0.0,0.0,0.0,0.333333,0.0,0.0
47,Compromise Programming,0.6794816160788978,0.045906287295937265,3,2,False,,0.083333,0.0,0.583333,0.0,0.0,0.0,0.333333,0.0,0.0
47,Nash Bargaining,0.6064102767490461,0.02755031815592794,3,3,False,,0.083333,0.0,0.583333,0.0,0.0,0.0,0.333333,0.0,0.0
47,Parent,0.6051994381255081,0.027940126752289216,3,4,False,,0.083333,0.0,0.583333,0.0,0.0,0.0,0.333333,0.0,0.0
47,Nash Social Welfare,0.446884444074281,0.08632164933545271,3,5,False,,0.083333,0.0,0.583333,0.0,0.0,0.0,0.333333,0.0,0.0
47,Proportional Fairness,0.446884444074281,0.08632164933545271,3,6,False,,0.083333,0.0,0.583333,0.0,0.0,0.0,0.333333,0.0,0.0
47,Kalai-Smorodinsky,0.42072893375543313,0.28339018381553555,3,7,False,,0.083333,0.0,0.583333,0.0,0.0,0.0,0.333333,0.0,0.0
47,Maximin,0.32538724280381154,0.005564490397722298,3,8,False,,0.083333,0.0,0.583333,0.0,0.0,0.0,0.333333,0.0,0.0
47,Healthcare_Provider,0.12668430335097003,0.019678991481334486,3,9,False,,0.083333,0.0,0.583333,0.0,0.0,0.0,0.333333,0.0,0.0
48,Policy_Maker,0.8631279989284728,0.07507052238166532,3,1,True,0.6666666666666666,0.166667,0.0,0.5,0.0,0.0,0.0,0.333333,0.0,0.0
48,Compromise Programming,0.6786500118999633,0.04740951556776123,3,2,False,,0.166667,0.0,0.5,0.0,0.0,0.0,0.333333,0.0,0.0
48,Nash Bargaining,0.6379991534798042,0.020498847768010656,3,3,False,,0.166667,0.0,0.5,0.0,0.0,0.0,0.333333,0.0,0.0
48,Parent,0.6345761964347246,0.024015522576900438,3,4,False,,0.166667,0.0,0.5,0.0,0.0,0.0,0.333333,0.0,0.0
48,Nash Social Welfare,0.45950380092055304,0.09289627013440126,3,5,False,,0.166667,0.0,0.5,0.0,0.0,0.0,0.333333,0.0,0.0
48,Proportional Fairness,0.45950380092055304,0.09289627013440126,3,6,False,,0.166667,0.0,0.5,0.0,0.0,0.0,0.333333,0.0,0.0
48,Kalai-Smorodinsky,0.44664305269605137,0.26974149486226184,3,7,False,,0.166667,0.0,0.5,0.0,0.0,0.0,0.333333,0.0,0.0
48,Maximin,0.33738821958508725,0.0063376972711991,3,8,False,,0.166667,0.0,0.5,0.0,0.0,0.0,0.333333,0.0,0.0
48,Healthcare_Provider,0.15410934744268082,0.041390378548463044,3,9,False,,0.166667,0.0,0.5,0.0,0.0,0.0,0.333333,0.0,0.0
49,Policy_Maker,0.8719167442655817,0.0688742424940257,3,1,True,0.6666666666666666,0.25,0.0,0.416667,0.0,0.0,0.0,0.333333,0.0,0.0
49,Compromise Programming,0.6778184077210287,0.05531748807705014,3,2,False,,0.25,0.0,0.416667,0.0,0.0,0.0,0.333333,0.0,0.0
49,Nash Bargaining,0.6695880302105622,0.0318994254692512,3,3,False,,0.25,0.0,0.416667,0.0,0.0,0.0,0.333333,0.0,0.0
49,Parent,0.6639529547439412,0.031203889553249785,3,4,False,,0.25,0.0,0.416667,0.0,0.0,0.0,0.333333,0.0,0.0
49,Kalai-Smorodinsky,0.4725571716366696,0.2573794146185311,3,5,False,,0.25,0.0,0.416667,0.0,0.0,0.0,0.333333,0.0,0.0
49,Nash Social Welfare,0.47212315776682506,0.10230489701179742,3,6,False,,0.25,0.0,0.416667,0.0,0.0,0.0,0.333333,0.0,0.0
49,Proportional Fairness,0.47212315776682506,0.10230489701179742,3,7,False,,0.25,0.0,0.416667,0.0,0.0,0.0,0.333333,0.0,0.0
49,Maximin,0.3493891963663629,0.018232913542523224,3,8,False,,0.25,0.0,0.416667,0.0,0.0,0.0,0.333333,0.0,0.0
49,Healthcare_Provider,0.18153439153439158,0.06312555149044494,3,9,False,,0.25,0.0,0.416667,0.0,0.0,0.0,0.333333,0.0,0.0
50,Policy_Maker,0.8807054896026907,0.06269263869360889,3,1,True,0.6666666666666666,0.333333,0.0,0.333333,0.0,0.0,0.0,0.333333,0.0,0.0
50,Nash Bargaining,0.7011769069413202,0.0505087298083169,3,2,False,,0.333333,0.0,0.333333,0.0,0.0,0.0,0.333333,0.0,0.0
50,Parent,0.6933297130531577,0.044401158529517856,3,3,False,,0.333333,0.0,0.333333,0.0,0.0,0.0,0.333333,0.0,0.0
50,Compromise Programming,0.6769868035420942,0.06741271523719765,3,4,False,,0.333333,0.0,0.333333,0.0,0.0,0.0,0.333333,0.0,0.0
50,Kalai-Smorodinsky,0.4984712905772879,0.24649759296908635,3,5,False,,0.333333,0.0,0.333333,0.0,0.0,0.0,0.333333,0.0,0.0
50,Nash Social Welfare,0.484742514613097,0.11384705524134264,3,6,False,,0.333333,0.0,0.333333,0.0,0.0,0.0,0.333333,0.0,0.0
50,Proportional Fairness,0.484742514613097,0.11384705524134264,3,7,False,,0.333333,0.0,0.333333,0.0,0.0,0.0,0.333333,0.0,0.0
50,Maximin,0.3613901731476386,0.03012941655640933,3,8,False,,0.333333,0.0,0.333333,0.0,0.0,0.0,0.333333,0.0,0.0
50,Healthcare_Provider,0.20895943562610234,0.0848662368052553,3,9,False,,0.333333,0.0,0.333333,0.0,0.0,0.0,0.333333,0.0,0.0
51,Policy_Maker,0.8894942349397996,0.05653052566871043,3,1,True,0.6666666666666666,0.416667,0.0,0.25,0.0,0.0,0.0,0.333333,0.0,0.0
51,Nash Bargaining,0.7327657836720783,0.0708581546793298,3,2,False,,0.416667,0.0,0.25,0.0,0.0,0.0,0.333333,0.0,0.0
51,Parent,0.7227064713623742,0.059750194904933274,3,3,False,,0.416667,0.0,0.25,0.0,0.0,0.0,0.333333,0.0,0.0
51,Compromise Programming,0.6761551993631597,0.08185970456739099,3,4,False,,0.416667,0.0,0.25,0.0,0.0,0.0,0.333333,0.0,0.0
51,Kalai-Smorodinsky,0.5243854095179062,0.2372997573977995,3,5,False,,0.416667,0.0,0.25,0.0,0.0,0.0,0.333333,0.0,0.0
51,Nash Social Welfare,0.49736187145936905,0.12694210140247483,3,6,False,,0.416667,0.0,0.25,0.0,0.0,0.0,0.333333,0.0,0.0
51,Proportional Fairness,0.49736187145936905,0.12694210140247483,3,7,False,,0.416667,0.0,0.25,0.0,0.0,0.0,0.333333,0.0,0.0
51,Maximin,0.37339114992891426,0.042026113596701734,3,8,False,,0.416667,0.0,0.25,0.0,0.0,0.0,0.333333,0.0,0.0
51,Healthcare_Provider,0.23638447971781318,0.10660906214728483,3,9,False,,0.416667,0.0,0.25,0.0,0.0,0.0,0.333333,0.0,0.0
52,Policy_Maker,0.8982829802769086,0.05039505369742018,3,1,True,0.3333333333333333,0.5,0.0,0.166667,0.0,0.0,0.0,0.333333,0.0,0.0
52,Nash Bargaining,0.7643546604028364,0.0917976701142197,3,2,False,,0.5,0.0,0.166667,0.0,0.0,0.0,0.333333,0.0,0.0
52,Parent,0.7520832296715909,0.07595756355027337,3,3,False,,0.5,0.0,0.166667,0.0,0.0,0.0,0.333333,0.0,0.0
52,Compromise Programming,0.6753235951842251,0.09761985277484135,3,4,False,,0.5,0.0,0.166667,0.0,0.0,0.0,0.333333,0.0,0.0
52,Kalai-Smorodinsky,0.5502995284585245,0.2299880380234613,3,5,False,,0.5,0.0,0.166667,0.0,0.0,0.0,0.333333,0.0,0.0
52,Nash Social Welfare,0.509981228305641,0.141158518399164,3,6,False,,0.5,0.0,0.166667,0.0,0.0,0.0,0.333333,0.0,0.0
52,Proportional Fairness,0.509981228305641,0.141158518399164,3,7,False,,0.5,0.0,0.166667,0.0,0.0,0.0,0.333333,0.0,0.0
52,Maximin,0.38539212671019,0.053922876242730865,3,8,False,,0.5,0.0,0.166667,0.0,0.0,0.0,0.333333,0.0,0.0
52,Healthcare_Provider,0.26380952380952394,0.12835293996744568,3,9,False,,0.5,0.0,0.166667,0.0,0.0,0.0,0.333333,0.0,0.0
53,Policy_Maker,0.9070717256140176,0.04429729405644097,3,1,True,0.3333333333333333,0.583333,0.0,0.083333,0.0,0.0,0.0,0.333333,0.0,0.0
53,Nash Bargaining,0.7959435371335944,0.11299970906319803,3,2,False,,0.583333,0.0,0.083333,0.0,0.0,0.0,0.333333,0.0,0.0
53,Parent,0.7814599879808074,0.09257353772386735,3,3,False,,0.583333,0.0,0.083333,0.0,0.0,0.0,0.333333,0.0,0.0
53,Compromise Programming,0.6744919910052906,0.11415054729354121,3,4,False,,0.583333,0.0,0.083333,0.0,0.0,0.0,0.333333,0.0,0.0
53,Kalai-Smorodinsky,0.5762136473991428,0.22474659431909794,3,5,False,,0.583333,0.0,0.083333,0.0,0.0,0.0,0.333333,0.0,0.0
53,Nash Social Welfare,0.522600585151913,0.15619040499223394,3,6,False,,0.583333,0.0,0.083333,0.0,0.0,0.0,0.333333,0.0,0.0
53,Proportional Fairness,0.522600585151913,0.15619040499223394,3,7,False,,0.583333,0.0,0.083333,0.0,0.0,0.0,0.333333,0.0,0.0
53,Maximin,0.39739310349146567,0.0658196689202217,3,8,False,,0.583333,0.0,0.083333,0.0,0.0,0.0,0.333333,0.0,0.0
53,Healthcare_Provider,0.29123456790123475,0.15009741286436254,3,9,False,,0.583333,0.0,0.083333,0.0,0.0,0.0,0.333333,0.0,0.0
54,Policy_Maker,0.9158604709511264,0.03825528464214493,3,1,True,0.3333333333333333,0.666667,0.0,0.0,0.0,0.0,0.0,0.333333,0.0,0.0
54,Nash Bargaining,0.8275324138643526,0.1343400316899795,3,2,False,,0.666667,0.0,0.0,0.0,0.0,0.0,0.333333,0.0,0.0
54,Parent,0.810836746290024,0.10941211573602318,3,3,False,,0.666667,0.0,0.0,0.0,0.0,0.0,0.333333,0.0,0.0
54,Compromise Programming,0.6736603868263561,0.1311607662632405,3,4,False,,0.666667,0.0,0.0,0.0,0.0,0.0,0.333333,0.0,0.0
54,Kalai-Smorodinsky,0.602127766339761,0.22172229687947662,3,5,False,,0.666667,0.0,0.0,0.0,0.0,0.0,0.333333,0.0,0.0
54,Nash Social Welfare,0.5352199419981849,0.17182387201273583,3,6,False,,0.666667,0.0,0.0,0.0,0.0,0.0,0.333333,0.0,0.0
54,Proportional Fairness,0.5352199419981849,0.17182387201273583,3,7,False,,0.666667,0.0,0.0,0.0,0.0,0.0,0.333333,0.0,0.0
54,Maximin,0.4093940802727413,0.07771647783758004,3,8,False,,0.666667,0.0,0.0,0.0,0.0,0.0,0.333333,0.0,0.0
54,Healthcare_Provider,0.3186596119929455,0.1718422549397796,3,9,False,,0.666667,0.0,0.0,0.0,0.0,0.0,0.333333,0.0,0.0
55,Policy_Maker,0.8620789169446953,0.07688438946904097,3,1,True,0.6666666666666666,0.0,0.0,0.583333,0.0,0.0,0.0,0.416667,0.0,0.0
55,Compromise Programming,0.7127740677256034,0.04496812820492866,3,2,False,,0.0,0.0,0.583333,0.0,0.0,0.0,0.416667,0.0,0.0
55,Parent,0.6160670670614774,0.03497064232110189,3,3,False,,0.0,0.0,0.583333,0.0,0.0,0.0,0.416667,0.0,0.0
55,Nash Bargaining,0.6140798361271131,0.03965928821398519,3,4,False,,0.0,0.0,0.583333,0.0,0.0,0.0,0.416667,0.0,0.0
55,Nash Social Welfare,0.4847041735467303,0.07563144575319107,3,5,False,,0.0,0.0,0.583333,0.0,0.0,0.0,0.416667,0.0,0.0
55,Proportional Fairness,0.4847041735467303,0.07563144575319107,3,6,False,,0.0,0.0,0.583333,0.0,0.0,0.0,0.416667,0.0,0.0
55,Kalai-Smorodinsky,0.4101851851851852,0.2893529629608297,3,7,False,,0.0,0.0,0.583333,0.0,0.0,0.0,0.416667,0.0,0.0
55,Maximin,0.36282409388083003,0.0195836834003813,3,8,False,,0.0,0.0,0.583333,0.0,0.0,0.0,0.416667,0.0,0.0
55,Healthcare_Provider,0.12407407407407407,0.0033384734032073917,3,9,False,,0.0,0.0,0.583333,0.0,0.0,0.0,0.416667,0.0,0.0
56,Policy_Maker,0.8708676622818042,0.07068226582991316,3,1,True,0.6666666666666666,0.083333,0.0,0.5,0.0,0.0,0.0,0.416667,0.0,0.0
56,Compromise Programming,0.7119424635466688,0.03964261934098559,3,2,False,,0.083333,0.0,0.5,0.0,0.0,0.0,0.416667,0.0,0.0
56,Nash Bargaining,0.6456687128578712,0.02340290944727295,3,3,False,,0.083333,0.0,0.5,0.0,0.0,0.0,0.416667,0.0,0.0
56,Parent,0.6454438253706939,0.024129673040911116,3,4,False,,0.083333,0.0,0.5,0.0,0.0,0.0,0.416667,0.0,0.0
56,Nash Social Welfare,0.4973235303930023,0.07869280321618975,3,5,False,,0.083333,0.0,0.5,0.0,0.0,0.0,0.416667,0.0,0.0
56,Proportional Fairness,0.4973235303930023,0.07869280321618975,3,6,False,,0.083333,0.0,0.5,0.0,0.0,0.0,0.416667,0.0,0.0
56,Kalai-Smorodinsky,0.43609930412580344,0.27459936291356507,3,7,False,,0.083333,0.0,0.5,0.0,0.0,0.0,0.416667,0.0,0.0
56,Maximin,0.3748250706621057,0.007701515048747095,3,8,False,,0.083333,0.0,0.5,0.0,0.0,0.0,0.416667,0.0,0.0
56,Healthcare_Provider,0.15149911816578485,0.0191855695144864,3,9,False,,0.083333,0.0,0.5,0.0,0.0,0.0,0.416667,0.0,0.0
57,Policy_Maker,0.8796564076189132,0.06449328477016529,3,1,True,0.6666666666666666,0.166667,0.0,0.416667,0.0,0.0,0.0,0.416667,0.0,0.0
57,Compromise Programming,0.7111108593677343,0.042344177284318524,3,2,False,,0.166667,0.0,0.416667,0.0,0.0,0.0,0.416667,0.0,0.0
57,Nash Bargaining,0.6772575895886294,0.02141777429341312,3,3,False,,0.166667,0.0,0.416667,0.0,0.0,0.0,0.416667,0.0,0.0
57,Parent,0.6748205836799105,0.02328903550330655,3,4,False,,0.166667,0.0,0.416667,0.0,0.0,0.0,0.416667,0.0,0.0
57,Nash Social Welfare,0.5099428872392743,0.08557618860492722,3,5,False,,0.166667,0.0,0.416667,0.0,0.0,0.0,0.416667,0.0,0.0
57,Proportional Fairness,0.5099428872392743,0.08557618860492722,3,6,False,,0.166667,0.0,0.416667,0.0,0.0,0.0,0.416667,0.0,0.0
57,Kalai-Smorodinsky,0.46201342306642185,0.26099366716873784,3,7,False,,0.166667,0.0,0.416667,0.0,0.0,0.0,0.416667,0.0,0.0
57,Maximin,0.38682604744338134,0.00426331898859652,3,8,False,,0.166667,0.0,0.416667,0.0,0.0,0.0,0.416667,0.0,0.0
57,Healthcare_Provider,0.17892416225749563,0.04087539399750866,3,9,False,,0.166667,0.0,0.416667,0.0,0.0,0.0,0.416667,0.0,0.0
58,Policy_Maker,0.8884451529560221,0.05832163043685041,3,1,True,0.6666666666666666,0.25,0.0,0.333333,0.0,0.0,0.0,0.416667,0.0,0.0
58,Compromise Programming,0.7102792551887998,0.051832507167504774,3,2,False,,0.25,0.0,0.333333,0.0,0.0,0.0,0.416667,0.0,0.0
58,Nash Bargaining,0.7088464663193873,0.036137706027070025,3,3,False,,0.25,0.0,0.333333,0.0,0.0,0.0,0.416667,0.0,0.0
58,Parent,0.704197341989127,0.033216862964305406,3,4,False,,0.25,0.0,0.333333,0.0,0.0,0.0,0.416667,0.0,0.0
58,Nash Social Welfare,0.5225622440855462,0.09545834652396937,3,5,False,,0.25,0.0,0.333333,0.0,0.0,0.0,0.416667,0.0,0.0
58,Proportional Fairness,0.5225622440855462,0.09545834652396937,3,6,False,,0.25,0.0,0.333333,0.0,0.0,0.0,0.416667,0.0,0.0
58,Kalai-Smorodinsky,0.48792754200703997,0.2487243247918495,3,7,False,,0.25,0.0,0.333333,0.0,0.0,0.0,0.416667,0.0,0.0
58,Maximin,0.39882702422465705,0.016127874000739208,3,8,False,,0.25,0.0,0.333333,0.0,0.0,0.0,0.416667,0.0,0.0
58,Healthcare_Provider,0.20634920634920642,0.06260415860973657,3,9,False,,0.25,0.0,0.333333,0.0,0.0,0.0,0.416667,0.0,0.0
59,Policy_Maker,0.897233898293131,0.05217345198423502,3,1,True,0.6666666666666666,0.333333,0.0,0.25,0.0,0.0,0.0,0.416667,0.0,0.0
59,Nash Bargaining,0.7404353430501454,0.05558178113593771,3,2,False,,0.333333,0.0,0.25,0.0,0.0,0.0,0.416667,0.0,0.0
59,Parent,0.7335741002983435,0.047593944495143266,3,3,False,,0.333333,0.0,0.25,0.0,0.0,0.0,0.416667,0.0,0.0
59,Compromise Programming,0.7094476510098652,0.0652094748971742,3,4,False,,0.333333,0.0,0.25,0.0,0.0,0.0,0.416667,0.0,0.0
59,Nash Social Welfare,0.5351816009318181,0.10751554712158791,3,5,False,,0.333333,0.0,0.25,0.0,0.0,0.0,0.416667,0.0,0.0
59,Proportional Fairness,0.5351816009318181,0.10751554712158791,3,6,False,,0.333333,0.0,0.25,0.0,0.0,0.0,0.416667,0.0,0.0
59,Kalai-Smorodinsky,0.5138416609476583,0.23799810174760316,3,7,False,,0.333333,0.0,0.25,0.0,0.0,0.0,0.416667,0.0,0.0
59,Maximin,0.4108280010059328,0.028019825606196286,3,8,False,,0.333333,0.0,0.25,0.0,0.0,0.0,0.416667,0.0,0.0
59,Healthcare_Provider,0.23377425044091718,0.08434177256816251,3,9,False,,0.333333,0.0,0.25,0.0,0.0,0.0,0.416667,0.0,0.0
60,Policy_Maker,0.90602264363024,0.046058151568010165,3,1,True,0.3333333333333333,0.416667,0.0,0.166667,0.0,0.0,0.0,0.416667,0.0,0.0
60,Nash Bargaining,0.7720242197809034,0.07621628991046901,3,2,False,,0.416667,0.0,0.166667,0.0,0.0,0.0,0.416667,0.0,0.0
60,Parent,0.7629508586075601,0.0634653439045775,3,3,False,,0.416667,0.0,0.166667,0.0,0.0,0.0,0.416667,0.0,0.0
60,Compromise Programming,0.7086160468309307,0.08056072120564141,3,4,False,,0.416667,0.0,0.166667,0.0,0.0,0.0,0.416667,0.0,0.0
60,Nash Social Welfare,0.5478009577780901,0.12109985512558878,3,5,False,,0.416667,0.0,0.166667,0.0,0.0,0.0,0.416667,0.0,0.0
60,Proportional Fairness,0.5478009577780901,0.12109985512558878,3,6,False,,0.416667,0.0,0.166667,0.0,0.0,0.0,0.416667,0.0,0.0
60,Kalai-Smorodinsky,0.5397557798882765,0.22903190690183095,3,7,False,,0.416667,0.0,0.166667,0.0,0.0,0.0,0.416667,0.0,0.0
60,Maximin,0.42282897778720846,0.039914694167090016,3,8,False,,0.416667,0.0,0.166667,0.0,0.0,0.0,0.416667,0.0,0.0
60,Healthcare_Provider,0.26119929453262797,0.10608279600656914,3,9,False,,0.416667,0.0,0.166667,0.0,0.0,0.0,0.416667,0.0,0.0
61,Policy_Maker,0.9148113889673489,0.039990814927231916,3,1,True,0.3333333333333333,0.5,0.0,0.083333,0.0,0.0,0.0,0.416667,0.0,0.0
61,Nash Bargaining,0.8036130965116616,0.09728668540616975,3,2,False,,0.5,0.0,0.083333,0.0,0.0,0.0,0.416667,0.0,0.0
61,Parent,0.7923276169167766,0.07994597524671253,3,3,False,,0.5,0.0,0.083333,0.0,0.0,0.0,0.416667,0.0,0.0
61,Compromise Programming,0.7077844426519961,0.09695293370338566,3,4,False,,0.5,0.0,0.083333,0.0,0.0,0.0,0.416667,0.0,0.0
61,Kalai-Smorodinsky,0.565669898828895,0.22203905866770604,3,5,False,,0.5,0.0,0.083333,0.0,0.0,0.0,0.416667,0.0,0.0
61,Nash Social Welfare,0.560420314624362,0.13575360782256515,3,6,False,,0.5,0.0,0.083333,0.0,0.0,0.0,0.416667,0.0,0.0
61,Proportional Fairness,0.560420314624362,0.13575360782256515,3,7,False,,0.5,0.0,0.083333,0.0,0.0,0.0,0.416667,0.0,0.0
61,Maximin,0.4348299545684841,0.05181047066120656,3,8,False,,0.5,0.0,0.083333,0.0,0.0,0.0,0.416667,0.0,0.0
61,Healthcare_Provider,0.2886243386243387,0.1278254892465825,3,9,False,,0.5,0.0,0.083333,0.0,0.0,0.0,0.416667,0.0,0.0
62,Policy_Maker,0.9236001343044581,0.033997131496616505,3,1,True,0.3333333333333333,0.583333,0.0,0.0,0.0,0.0,0.0,0.416667,0.0,0.0
62,Nash Bargaining,0.8352019732424196,0.11856080011137933,3,2,False,,0.583333,0.0,0.0,0.0,0.0,0.0,0.416667,0.0,0.0
62,Parent,0.8217043752259933,0.09672492334590822,3,3,False,,0.583333,0.0,0.0,0.0,0.0,0.0,0.416667,0.0,0.0
62,Compromise Programming,0.7069528384730616,0.11393770347837116,3,4,False,,0.583333,0.0,0.0,0.0,0.0,0.0,0.416667,0.0,0.0
62,Kalai-Smorodinsky,0.5915840177695131,0.21721023000843795,3,5,False,,0.583333,0.0,0.0,0.0,0.0,0.0,0.416667,0.0,0.0
62,Nash Social Welfare,0.5730396714706342,0.15116611475151134,3,6,False,,0.583333,0.0,0.0,0.0,0.0,0.0,0.416667,0.0,0.0
62,Proportional Fairness,0.5730396714706342,0.15116611475151134,3,7,False,,0.583333,0.0,0.0,0.0,0.0,0.0,0.416667,0.0,0.0
62,Maximin,0.4468309313497598,0.06370664648254457,3,8,False,,0.583333,0.0,0.0,0.0,0.0,0.0,0.416667,0.0,0.0
62,Healthcare_Provider,0.31604938271604954,0.14956912407850126,3,9,False,,0.583333,0.0,0.0,0.0,0.0,0.0,0.416667,0.0,0.0
63,Policy_Maker,0.8786073256351355,0.06629758487389747,3,1,True,0.6666666666666666,0.0,0.0,0.5,0.0,0.0,0.0,0.5,0.0,0.0
63,Compromise Programming,0.7452349151933744,0.03858368218283622,3,2,False,,0.0,0.0,0.5,0.0,0.0,0.0,0.5,0.0,0.0
63,Parent,0.6563114543066632,0.0301966658508645,3,3,False,,0.0,0.0,0.5,0.0,0.0,0.0,0.5,0.0,0.0
63,Nash Bargaining,0.6533382722359383,0.034343166196955474,3,4,False,,0.0,0.0,0.5,0.0,0.0,0.0,0.5,0.0,0.0
63,Nash Social Welfare,0.5351432598654514,0.06801889180825126,3,5,False,,0.0,0.0,0.5,0.0,0.0,0.0,0.5,0.0,0.0
63,Proportional Fairness,0.5351432598654514,0.06801889180825126,3,6,False,,0.0,0.0,0.5,0.0,0.0,0.0,0.5,0.0,0.0
63,Kalai-Smorodinsky,0.4255555555555555,0.2805572057157191,3,7,False,,0.0,0.0,0.5,0.0,0.0,0.0,0.5,0.0,0.0
63,Maximin,0.4122619217391241,0.02173484895055811,3,8,False,,0.0,0.0,0.5,0.0,0.0,0.0,0.5,0.0,0.0
63,Healthcare_Provider,0.14888888888888888,0.004006168083848872,3,9,False,,0.0,0.0,0.5,0.0,0.0,0.0,0.5,0.0,0.0
64,Policy_Maker,0.8873960709722445,0.06011733499442696,3,1,True,0.6666666666666666,0.083333,0.0,0.416667,0.0,0.0,0.0,0.5,0.0,0.0
64,Compromise Programming,0.7444033110144398,0.033456275545020626,3,2,False,,0.083333,0.0,0.416667,0.0,0.0,0.0,0.5,0.0,0.0
64,Parent,0.6856882126158798,0.020860904513586444,3,3,False,,0.083333,0.0,0.416667,0.0,0.0,0.0,0.5,0.0,0.0
64,Nash Bargaining,0.6849271489666963,0.020103040793674178,3,4,False,,0.083333,0.0,0.416667,0.0,0.0,0.0,0.5,0.0,0.0
64,Nash Social Welfare,0.5477626167117233,0.07107354114830633,3,5,False,,0.083333,0.0,0.416667,0.0,0.0,0.0,0.5,0.0,0.0
64,Proportional Fairness,0.5477626167117233,0.07107354114830633,3,6,False,,0.083333,0.0,0.416667,0.0,0.0,0.0,0.5,0.0,0.0
64,Kalai-Smorodinsky,0.45146967449617387,0.26580900105049554,3,7,False,,0.083333,0.0,0.416667,0.0,0.0,0.0,0.5,0.0,0.0
64,Maximin,0.42426289852039983,0.00989222112878165,3,8,False,,0.083333,0.0,0.416667,0.0,0.0,0.0,0.5,0.0,0.0
64,Healthcare_Provider,0.17631393298059964,0.018702969866870294,3,9,False,,0.083333,0.0,0.416667,0.0,0.0,0.0,0.5,0.0,0.0
65,Policy_Maker,0.8961848163093534,0.05395781585946985,3,1,True,0.6666666666666666,0.166667,0.0,0.333333,0.0,0.0,0.0,0.5,0.0,0.0
65,Compromise Programming,0.7435717068355053,0.037709834043849984,3,2,False,,0.166667,0.0,0.333333,0.0,0.0,0.0,0.5,0.0,0.0
65,Nash Bargaining,0.7165160256974543,0.02376971371307537,3,3,False,,0.166667,0.0,0.333333,0.0,0.0,0.0,0.5,0.0,0.0
65,Parent,0.7150649709250961,0.02365076748529201,3,4,False,,0.166667,0.0,0.333333,0.0,0.0,0.0,0.5,0.0,0.0
65,Nash Social Welfare,0.5603819735579952,0.0783237636143554,3,5,False,,0.166667,0.0,0.333333,0.0,0.0,0.0,0.5,0.0,0.0
65,Proportional Fairness,0.5603819735579952,0.0783237636143554,3,6,False,,0.166667,0.0,0.333333,0.0,0.0,0.0,0.5,0.0,0.0
65,Kalai-Smorodinsky,0.4773837934367921,0.25224931248912813,3,7,False,,0.166667,0.0,0.333333,0.0,0.0,0.0,0.5,0.0,0.0
65,Maximin,0.4362638753016755,0.0025255286675451944,3,8,False,,0.166667,0.0,0.333333,0.0,0.0,0.0,0.5,0.0,0.0
65,Healthcare_Provider,0.20373897707231045,0.0403648840564565,3,9,False,,0.166667,0.0,0.333333,0.0,0.0,0.0,0.5,0.0,0.0
66,Policy_Maker,0.9049735616464626,0.04782703771496372,3,1,True,0.6666666666666666,0.25,0.0,0.25,0.0,0.0,0.0,0.5,0.0,0.0
66,Nash Bargaining,0.7481049024282124,0.04076829879918968,3,2,False,,0.25,0.0,0.25,0.0,0.0,0.0,0.5,0.0,0.0
66,Parent,0.7444417292343127,0.0358382899294022,3,3,False,,0.25,0.0,0.25,0.0,0.0,0.0,0.5,0.0,0.0
66,Compromise Programming,0.7427401026565708,0.0489574117126017,3,4,False,,0.25,0.0,0.25,0.0,0.0,0.0,0.5,0.0,0.0
66,Nash Social Welfare,0.5730013304042673,0.08874717307551201,3,5,False,,0.25,0.0,0.25,0.0,0.0,0.0,0.5,0.0,0.0
66,Proportional Fairness,0.5730013304042673,0.08874717307551201,3,6,False,,0.25,0.0,0.25,0.0,0.0,0.0,0.5,0.0,0.0
66,Kalai-Smorodinsky,0.5032979123774104,0.24007960661901034,3,7,False,,0.25,0.0,0.25,0.0,0.0,0.0,0.5,0.0,0.0
66,Maximin,0.44826485208295114,0.014070196426248389,3,8,False,,0.25,0.0,0.25,0.0,0.0,0.0,0.5,0.0,0.0
66,Healthcare_Provider,0.2311640211640212,0.062085567822694566,3,9,False,,0.25,0.0,0.25,0.0,0.0,0.0,0.5,0.0,0.0
67,Policy_Maker,0.9137623069835715,0.04173766763517658,3,1,True,0.6666666666666666,0.333333,0.0,0.166667,0.0,0.0,0.0,0.5,0.0,0.0
67,Nash Bargaining,0.7796937791589705,0.06078895409601547,3,2,False,,0.333333,0.0,0.166667,0.0,0.0,0.0,0.5,0.0,0.0
67,Parent,0.7738184875435293,0.05109060583303551,3,3,False,,0.333333,0.0,0.166667,0.0,0.0,0.0,0.5,0.0,0.0
67,Compromise Programming,0.7419084984776361,0.06359018876597083,3,4,False,,0.333333,0.0,0.166667,0.0,0.0,0.0,0.5,0.0,0.0
67,Nash Social Welfare,0.5856206872505392,0.10136959405015086,3,5,False,,0.333333,0.0,0.166667,0.0,0.0,0.0,0.5,0.0,0.0
67,Proportional Fairness,0.5856206872505392,0.10136959405015086,3,6,False,,0.333333,0.0,0.166667,0.0,0.0,0.0,0.5,0.0,0.0
67,Kalai-Smorodinsky,0.5292120313180286,0.22952108972546556,3,7,False,,0.333333,0.0,0.166667,0.0,0.0,0.0,0.5,0.0,0.0
67,Maximin,0.4602658288642269,0.02593515830159084,3,8,False,,0.333333,0.0,0.166667,0.0,0.0,0.0,0.5,0.0,0.0
67,Healthcare_Provider,0.25858906525573194,0.08381934551621567,3,9,False,,0.333333,0.0,0.166667,0.0,0.0,0.0,0.5,0.0,0.0
68,Policy_Maker,0.9225510523206805,0.035710894436182486,3,1,True,0.3333333333333333,0.416667,0.0,0.083333,0.0,0.0,0.0,0.5,0.0,0.0
68,Nash Bargaining,0.8112826558897286,0.08163778260905884,3,2,False,,0.416667,0.0,0.083333,0.0,0.0,0.0,0.5,0.0,0.0
68,Parent,0.8031952458527458,0.06735695762585694,3,3,False,,0.416667,0.0,0.083333,0.0,0.0,0.0,0.5,0.0,0.0
68,Compromise Programming,0.7410768942987017,0.07976643041216358,3,4,False,,0.416667,0.0,0.083333,0.0,0.0,0.0,0.5,0.0,0.0
68,Nash Social Welfare,0.5982400440968112,0.1154721332344298,3,5,False,,0.416667,0.0,0.083333,0.0,0.0,0.0,0.5,0.0,0.0
68,Proportional Fairness,0.5982400440968112,0.1154721332344298,3,6,False,,0.416667,0.0,0.083333,0.0,0.0,0.0,0.5,0.0,0.0
68,Kalai-Smorodinsky,0.555126150258647,0.22080501578206316,3,7,False,,0.416667,0.0,0.083333,0.0,0.0,0.0,0.5,0.0,0.0
68,Maximin,0.47226680564550255,0.03782015760169013,3,8,False,,0.416667,0.0,0.083333,0.0,0.0,0.0,0.5,0.0,0.0
68,Healthcare_Provider,0.2860141093474428,0.10555812956656724,3,9,False,,0.416667,0.0,0.083333,0.0,0.0,0.0,0.5,0.0,0.0
69,Policy_Maker,0.9313397976577894,0.02978474075783895,3,1,True,0.3333333333333333,0.5,0.0,0.0,0.0,0.0,0.0,0.5,0.0,0.0
69,Nash Bargaining,0.8428715326204865,0.10281218806488579,3,2,False,,0.5,0.0,0.0,0.0,0.0,0.0,0.5,0.0,0.0
69,Parent,0.8325720041619623,0.08405065278591557,3,3,False,,0.5,0.0,0.0,0.0,0.0,0.0,0.5,0.0,0.0
69,Compromise Programming,0.740245290119767,0.09671474604121857,3,4,False,,0.5,0.0,0.0,0.0,0.0,0.0,0.5,0.0,0.0
69,Nash Social Welfare,0.6108594009430831,0.13057609887091687,3,5,False,,0.5,0.0,0.0,0.0,0.0,0.0,0.5,0.0,0.0
69,Proportional Fairness,0.6108594009430831,0.13057609887091687,3,6,False,,0.5,0.0,0.0,0.0,0.0,0.0,0.5,0.0,0.0
69,Kalai-Smorodinsky,0.5810402691992652,0.21415646292277662,3,7,False,,0.5,0.0,0.0,0.0,0.0,0.0,0.5,0.0,0.0
69,Maximin,0.4842677824267782,0.04971082459723965,3,8,False,,0.5,0.0,0.0,0.0,0.0,0.0,0.5,0.0,0.0
69,Healthcare_Provider,0.3134391534391536,0.12729935520788296,3,9,False,,0.5,0.0,0.0,0.0,0.0,0.0,0.5,0.0,0.0
70,Policy_Maker,0.895135734325576,0.055747572487825955,3,1,True,0.6666666666666666,0.0,0.0,0.416667,0.0,0.0,0.0,0.583333,0.0,0.0
70,Compromise Programming,0.7776957626611453,0.03223202689143568,3,2,False,,0.0,0.0,0.416667,0.0,0.0,0.0,0.583333,0.0,0.0
70,Parent,0.696555841551849,0.02553580252515098,3,3,False,,0.0,0.0,0.416667,0.0,0.0,0.0,0.583333,0.0,0.0
70,Nash Bargaining,0.6925967083447634,0.029219974771959156,3,4,False,,0.0,0.0,0.416667,0.0,0.0,0.0,0.583333,0.0,0.0
70,Nash Social Welfare,0.5855823461841724,0.06042172240375329,3,5,False,,0.0,0.0,0.416667,0.0,0.0,0.0,0.583333,0.0,0.0
70,Proportional Fairness,0.5855823461841724,0.06042172240375329,3,6,False,,0.0,0.0,0.416667,0.0,0.0,0.0,0.583333,0.0,0.0
70,Maximin,0.4616997495974182,0.023905639218303392,3,7,False,,0.0,0.0,0.416667,0.0,0.0,0.0,0.583333,0.0,0.0
70,Kalai-Smorodinsky,0.4409259259259259,0.27176157800764833,3,8,False,,0.0,0.0,0.416667,0.0,0.0,0.0,0.583333,0.0,0.0
70,Healthcare_Provider,0.1737037037037037,0.004673862764490348,3,9,False,,0.0,0.0,0.416667,0.0,0.0,0.0,0.583333,0.0,0.0
71,Policy_Maker,0.903924479662685,0.049603093581984385,3,1,True,0.6666666666666666,0.083333,0.0,0.333333,0.0,0.0,0.0,0.583333,0.0,0.0
71,Compromise Programming,0.7768641584822107,0.02739968117857056,3,2,False,,0.083333,0.0,0.333333,0.0,0.0,0.0,0.583333,0.0,0.0
71,Parent,0.7259325998610655,0.018424422138159095,3,3,False,,0.083333,0.0,0.333333,0.0,0.0,0.0,0.583333,0.0,0.0
71,Nash Bargaining,0.7241855850755213,0.0181198307430687,3,4,False,,0.083333,0.0,0.333333,0.0,0.0,0.0,0.583333,0.0,0.0
71,Nash Social Welfare,0.5982017030304444,0.06346731492671596,3,5,False,,0.083333,0.0,0.333333,0.0,0.0,0.0,0.583333,0.0,0.0
71,Proportional Fairness,0.5982017030304444,0.06346731492671596,3,6,False,,0.083333,0.0,0.333333,0.0,0.0,0.0,0.583333,0.0,0.0
71,Maximin,0.4737007263786939,0.012107504607897173,3,7,False,,0.083333,0.0,0.333333,0.0,0.0,0.0,0.583333,0.0,0.0
71,Kalai-Smorodinsky,0.4668400448665442,0.2570191453253678,3,8,False,,0.083333,0.0,0.333333,0.0,0.0,0.0,0.583333,0.0,0.0
71,Healthcare_Provider,0.20112874779541448,0.01823205195418334,3,9,False,,0.083333,0.0,0.333333,0.0,0.0,0.0,0.583333,0.0,0.0
72,Policy_Maker,0.9127132249997939,0.0434944785724877,3,1,True,0.6666666666666666,0.166667,0.0,0.25,0.0,0.0,0.0,0.583333,0.0,0.0
72,Compromise Programming,0.7760325543032763,0.033684846259950864,3,2,False,,0.166667,0.0,0.25,0.0,0.0,0.0,0.583333,0.0,0.0
72,Nash Bargaining,0.7557744618062795,0.02718524347453963,3,3,False,,0.166667,0.0,0.25,0.0,0.0,0.0,0.583333,0.0,0.0
72,Parent,0.755309358170282,0.025053626654615007,3,4,False,,0.166667,0.0,0.25,0.0,0.0,0.0,0.583333,0.0,0.0
72,Nash Social Welfare,0.6108210598767164,0.07115968434863731,3,5,False,,0.166667,0.0,0.25,0.0,0.0,0.0,0.583333,0.0,0.0
72,Proportional Fairness,0.6108210598767164,0.07115968434863731,3,6,False,,0.166667,0.0,0.25,0.0,0.0,0.0,0.583333,0.0,0.0
72,Kalai-Smorodinsky,0.49275416380716247,0.24350880496951938,3,7,False,,0.166667,0.0,0.25,0.0,0.0,0.0,0.583333,0.0,0.0
72,Maximin,0.4857017031599697,0.0021848628006259424,3,8,False,,0.166667,0.0,0.25,0.0,0.0,0.0,0.583333,0.0,0.0
72,Healthcare_Provider,0.2285537918871253,0.039859020656608,3,9,False,,0.166667,0.0,0.25,0.0,0.0,0.0,0.583333,0.0,0.0
73,Policy_Maker,0.9215019703369028,0.037439286297335846,3,1,True,0.6666666666666666,0.25,0.0,0.166667,0.0,0.0,0.0,0.583333,0.0,0.0
73,Nash Bargaining,0.7873633385370375,0.04567203209308246,3,2,False,,0.25,0.0,0.166667,0.0,0.0,0.0,0.583333,0.0,0.0
73,Parent,0.7846861164794986,0.03894549836469874,3,3,False,,0.25,0.0,0.166667,0.0,0.0,0.0,0.583333,0.0,0.0
73,Compromise Programming,0.7752009501243416,0.04680472811733724,3,4,False,,0.25,0.0,0.166667,0.0,0.0,0.0,0.583333,0.0,0.0
73,Nash Social Welfare,0.6234404167229883,0.0822045398746838,3,5,False,,0.25,0.0,0.166667,0.0,0.0,0.0,0.583333,0.0,0.0
73,Proportional Fairness,0.6234404167229883,0.0822045398746838,3,6,False,,0.25,0.0,0.166667,0.0,0.0,0.0,0.583333,0.0,0.0
73,Kalai-Smorodinsky,0.5186682827477808,0.231446422272866,3,7,False,,0.25,0.0,0.166667,0.0,0.0,0.0,0.583333,0.0,0.0
73,Maximin,0.4977026799412454,0.012084099441729569,3,8,False,,0.25,0.0,0.166667,0.0,0.0,0.0,0.583333,0.0,0.0
73,Healthcare_Provider,0.25597883597883603,0.06156984993381805,3,9,False,,0.25,0.0,0.166667,0.0,0.0,0.0,0.583333,0.0,0.0
74,Policy_Maker,0.9302907156740118,0.031468370936338065,3,1,True,0.6666666666666666,0.333333,0.0,0.083333,0.0,0.0,0.0,0.583333,0.0,0.0
74,Nash Bargaining,0.8189522152677956,0.06609855841379693,3,2,False,,0.333333,0.0,0.083333,0.0,0.0,0.0,0.583333,0.0,0.0
74,Parent,0.8140628747887151,0.05483303962122511,3,3,False,,0.333333,0.0,0.083333,0.0,0.0,0.0,0.583333,0.0,0.0
74,Compromise Programming,0.7743693459454071,0.06260018888494921,3,4,False,,0.333333,0.0,0.083333,0.0,0.0,0.0,0.583333,0.0,0.0
74,Nash Social Welfare,0.6360597735692602,0.09544504786650428,3,5,False,,0.333333,0.0,0.083333,0.0,0.0,0.0,0.583333,0.0,0.0
74,Proportional Fairness,0.6360597735692602,0.09544504786650428,3,6,False,,0.333333,0.0,0.083333,0.0,0.0,0.0,0.583333,0.0,0.0
74,Kalai-Smorodinsky,0.5445824016883991,0.2210691428478015,3,7,False,,0.333333,0.0,0.083333,0.0,0.0,0.0,0.583333,0.0,0.0
74,Maximin,0.5097036567225209,0.023881942329098765,3,8,False,,0.333333,0.0,0.083333,0.0,0.0,0.0,0.583333,0.0,0.0
74,Healthcare_Provider,0.2834038800705468,0.083298993979321,3,9,False,,0.333333,0.0,0.083333,0.0,0.0,0.0,0.583333,0.0,0.0
75,Policy_Maker,0.9390794610111208,0.02564067665042897,3,1,True,0.3333333333333333,0.416667,0.0,0.0,0.0,0.0,0.0,0.583333,0.0,0.0
75,Nash Bargaining,0.8505410919985538,0.08711080409100645,3,2,False,,0.416667,0.0,0.0,0.0,0.0,0.0,0.583333,0.0,0.0
75,Parent,0.8434396330979316,0.0713961860482274,3,3,False,,0.416667,0.0,0.0,0.0,0.0,0.0,0.583333,0.0,0.0
75,Compromise Programming,0.7735377417664725,0.07949196242663095,3,4,False,,0.416667,0.0,0.0,0.0,0.0,0.0,0.583333,0.0,0.0
75,Nash Social Welfare,0.6486791304155323,0.11009183909486725,3,5,False,,0.416667,0.0,0.0,0.0,0.0,0.0,0.583333,0.0,0.0
75,Proportional Fairness,0.6486791304155323,0.11009183909486725,3,6,False,,0.416667,0.0,0.0,0.0,0.0,0.0,0.583333,0.0,0.0
75,Kalai-Smorodinsky,0.5704965206290175,0.21262383852084657,3,7,False,,0.416667,0.0,0.0,0.0,0.0,0.0,0.583333,0.0,0.0
75,Maximin,0.5217046335037967,0.035745471821420044,3,8,False,,0.416667,0.0,0.0,0.0,0.0,0.0,0.583333,0.0,0.0
75,Healthcare_Provider,0.31082892416225766,0.10503508679953644,3,9,False,,0.416667,0.0,0.0,0.0,0.0,0.0,0.583333,0.0,0.0
76,Policy_Maker,0.9116641430160163,0.045260088141192076,3,1,True,0.6666666666666666,0.0,0.0,0.333333,0.0,0.0,0.0,0.666667,0.0,0.0
76,Compromise Programming,0.810156610128916,0.02593726343482018,3,2,False,,0.0,0.0,0.333333,0.0,0.0,0.0,0.666667,0.0,0.0
76,Parent,0.7368002287970347,0.0210632754013868,3,3,False,,0.0,0.0,0.333333,0.0,0.0,0.0,0.666667,0.0,0.0
76,Nash Bargaining,0.7318551444535885,0.024411487569720423,3,4,False,,0.0,0.0,0.333333,0.0,0.0,0.0,0.666667,0.0,0.0
76,Nash Social Welfare,0.6360214325028934,0.05284657295377608,3,5,False,,0.0,0.0,0.333333,0.0,0.0,0.0,0.666667,0.0,0.0
76,Proportional Fairness,0.6360214325028934,0.05284657295377608,3,6,False,,0.0,0.0,0.333333,0.0,0.0,0.0,0.666667,0.0,0.0
76,Maximin,0.5111375774557124,0.026091156320153696,3,7,False,,0.0,0.0,0.333333,0.0,0.0,0.0,0.666667,0.0,0.0
76,Kalai-Smorodinsky,0.45629629629629626,0.2629660928347904,3,8,False,,0.0,0.0,0.333333,0.0,0.0,0.0,0.666667,0.0,0.0
76,Healthcare_Provider,0.1985185185185185,0.005341557445131824,3,9,False,,0.0,0.0,0.333333,0.0,0.0,0.0,0.666667,0.0,0.0
77,Policy_Maker,0.9204528883531253,0.03918037111952046,3,1,True,0.6666666666666666,0.083333,0.0,0.25,0.0,0.0,0.0,0.666667,0.0,0.0
77,Compromise Programming,0.8093250059499816,0.021582347746322467,3,2,False,,0.083333,0.0,0.25,0.0,0.0,0.0,0.666667,0.0,0.0
77,Parent,0.7661769871062513,0.017178099518329045,3,3,False,,0.083333,0.0,0.25,0.0,0.0,0.0,0.666667,0.0,0.0
77,Nash Bargaining,0.7634440211843465,0.017896486292377285,3,4,False,,0.083333,0.0,0.25,0.0,0.0,0.0,0.666667,0.0,0.0
77,Nash Social Welfare,0.6486407893491654,0.055879448064228614,3,5,False,,0.083333,0.0,0.25,0.0,0.0,0.0,0.666667,0.0,0.0
77,Proportional Fairness,0.6486407893491654,0.055879448064228614,3,6,False,,0.083333,0.0,0.25,0.0,0.0,0.0,0.666667,0.0,0.0
77,Maximin,0.5231385542369881,0.014335976456268712,3,7,False,,0.083333,0.0,0.25,0.0,0.0,0.0,0.666667,0.0,0.0
77,Kalai-Smorodinsky,0.4822104152369145,0.24822984950544608,3,8,False,,0.083333,0.0,0.25,0.0,0.0,0.0,0.666667,0.0,0.0
77,Healthcare_Provider,0.2259435626102293,0.017773744328422665,3,9,False,,0.083333,0.0,0.25,0.0,0.0,0.0,0.666667,0.0,0.0
78,Policy_Maker,0.9292416336902342,0.03317160084093055,3,1,True,0.6666666666666666,0.166667,0.0,0.166667,0.0,0.0,0.0,0.666667,0.0,0.0
78,Compromise Programming,0.808493401771047,0.030511329071530917,3,2,False,,0.166667,0.0,0.166667,0.0,0.0,0.0,0.666667,0.0,0.0
78,Parent,0.7955537454154676,0.02733780152811741,3,3,False,,0.166667,0.0,0.166667,0.0,0.0,0.0,0.666667,0.0,0.0
78,Nash Bargaining,0.7950328979151046,0.03131829455747704,3,4,False,,0.166667,0.0,0.166667,0.0,0.0,0.0,0.666667,0.0,0.0
78,Nash Social Welfare,0.6612601461954375,0.06411357302308848,3,5,False,,0.166667,0.0,0.166667,0.0,0.0,0.0,0.666667,0.0,0.0
78,Proportional Fairness,0.6612601461954375,0.06411357302308848,3,6,False,,0.166667,0.0,0.166667,0.0,0.0,0.0,0.666667,0.0,0.0
78,Maximin,0.5351395310182637,0.003655390542668071,3,7,False,,0.166667,0.0,0.166667,0.0,0.0,0.0,0.666667,0.0,0.0
78,Kalai-Smorodinsky,0.5081245341775328,0.23477257429589754,3,8,False,,0.166667,0.0,0.166667,0.0,0.0,0.0,0.666667,0.0,0.0
78,Healthcare_Provider,0.25336860670194006,0.03935798296266897,3,9,False,,0.166667,0.0,0.166667,0.0,0.0,0.0,0.666667,0.0,0.0
79,Policy_Maker,0.9380303790273432,0.02728069724930978,3,1,True,0.6666666666666666,0.25,0.0,0.083333,0.0,0.0,0.0,0.666667,0.0,0.0
79,Nash Bargaining,0.8266217746458627,0.05076982157240221,3,2,False,,0.25,0.0,0.083333,0.0,0.0,0.0,0.666667,0.0,0.0
79,Parent,0.8249305037246843,0.042431903547001396,3,3,False,,0.25,0.0,0.083333,0.0,0.0,0.0,0.666667,0.0,0.0
79,Compromise Programming,0.8076617975921124,0.045477159507729036,3,4,False,,0.25,0.0,0.083333,0.0,0.0,0.0,0.666667,0.0,0.0
79,Nash Social Welfare,0.6738795030417094,0.07587405921941308,3,5,False,,0.25,0.0,0.083333,0.0,0.0,0.0,0.666667,0.0,0.0
79,Proportional Fairness,0.6738795030417094,0.07587405921941308,3,6,False,,0.25,0.0,0.083333,0.0,0.0,0.0,0.666667,0.0,0.0
79,Maximin,0.5471405077995394,0.010211435516953814,3,7,False,,0.25,0.0,0.083333,0.0,0.0,0.0,0.666667,0.0,0.0
79,Kalai-Smorodinsky,0.5340386531181511,0.2228261123586608,3,8,False,,0.25,0.0,0.083333,0.0,0.0,0.0,0.666667,0.0,0.0
79,Healthcare_Provider,0.2807936507936509,0.0610570777408521,3,9,False,,0.25,0.0,0.083333,0.0,0.0,0.0,0.666667,0.0,0.0
80,Policy_Maker,0.946819124364452,0.021604293583423834,3,1,True,0.3333333333333333,0.333333,0.0,0.0,0.0,0.0,0.0,0.666667,0.0,0.0
80,Nash Bargaining,0.8582106513766207,0.07148777410947434,3,2,False,,0.333333,0.0,0.0,0.0,0.0,0.0,0.666667,0.0,0.0
80,Parent,0.8543072620339008,0.0587743161742907,3,3,False,,0.333333,0.0,0.0,0.0,0.0,0.0,0.666667,0.0,0.0
80,Compromise Programming,0.806830193413178,0.062269496864706855,3,4,False,,0.333333,0.0,0.0,0.0,0.0,0.0,0.666667,0.0,0.0
80,Nash Social Welfare,0.6864988598879812,0.08978574812237819,3,5,False,,0.333333,0.0,0.0,0.0,0.0,0.0,0.666667,0.0,0.0
80,Proportional Fairness,0.6864988598879812,0.08978574812237819,3,6,False,,0.333333,0.0,0.0,0.0,0.0,0.0,0.666667,0.0,0.0
80,Kalai-Smorodinsky,0.5599527720587694,0.21264524990592146,3,7,False,,0.333333,0.0,0.0,0.0,0.0,0.0,0.666667,0.0,0.0
80,Maximin,0.559141484580815,0.021869038086919264,3,8,False,,0.333333,0.0,0.0,0.0,0.0,0.0,0.666667,0.0,0.0
80,Healthcare_Provider,0.30821869488536163,0.08278075709692609,3,9,False,,0.333333,0.0,0.0,0.0,0.0,0.0,0.666667,0.0,0.0
81,Policy_Maker,0.9281925517064566,0.03489156031049424,3,1,True,0.6666666666666666,0.0,0.0,0.25,0.0,0.0,0.0,0.75,0.0,0.0
81,Compromise Programming,0.842617457596687,0.01975385434939708,3,2,False,,0.0,0.0,0.25,0.0,0.0,0.0,0.75,0.0,0.0
81,Parent,0.7770446160422205,0.01692901971769896,3,3,False,,0.0,0.0,0.25,0.0,0.0,0.0,0.75,0.0,0.0
81,Nash Bargaining,0.7711135805624135,0.02014434073157427,3,4,False,,0.0,0.0,0.25,0.0,0.0,0.0,0.75,0.0,0.0
81,Nash Social Welfare,0.6864605188216145,0.04530449036232788,3,5,False,,0.0,0.0,0.25,0.0,0.0,0.0,0.75,0.0,0.0
81,Proportional Fairness,0.6864605188216145,0.04530449036232788,3,6,False,,0.0,0.0,0.25,0.0,0.0,0.0,0.75,0.0,0.0
81,Maximin,0.5605754053140064,0.02828798709637375,3,7,False,,0.0,0.0,0.25,0.0,0.0,0.0,0.75,0.0,0.0
81,Kalai-Smorodinsky,0.4716666666666667,0.25417076499428054,3,8,False,,0.0,0.0,0.25,0.0,0.0,0.0,0.75,0.0,0.0
81,Healthcare_Provider,0.2233333333333333,0.006009252125773309,3,9,False,,0.0,0.0,0.25,0.0,0.0,0.0,0.75,0.0,0.0
82,Policy_Maker,0.9369812970435657,0.028948190466986268,3,1,True,0.6666666666666666,0.083333,0.0,0.166667,0.0,0.0,0.0,0.75,0.0,0.0
82,Compromise Programming,0.8417858534177526,0.01626308673075237,3,2,False,,0.083333,0.0,0.166667,0.0,0.0,0.0,0.75,0.0,0.0
82,Parent,0.8064213743514369,0.017379892201465633,3,3,False,,0.083333,0.0,0.166667,0.0,0.0,0.0,0.75,0.0,0.0
82,Nash Bargaining,0.8027024572931717,0.019493591652630433,3,4,False,,0.083333,0.0,0.166667,0.0,0.0,0.0,0.75,0.0,0.0
82,Nash Social Welfare,0.6990798756678865,0.04831859069993273,3,5,False,,0.083333,0.0,0.166667,0.0,0.0,0.0,0.75,0.0,0.0
82,Proportional Fairness,0.6990798756678865,0.04831859069993273,3,6,False,,0.083333,0.0,0.166667,0.0,0.0,0.0,0.75,0.0,0.0
82,Maximin,0.5725763820952822,0.01657231722584479,3,7,False,,0.083333,0.0,0.166667,0.0,0.0,0.0,0.75,0.0,0.0
82,Kalai-Smorodinsky,0.49758078560728486,0.23944117524896172,3,8,False,,0.083333,0.0,0.166667,0.0,0.0,0.0,0.75,0.0,0.0
82,Healthcare_Provider,0.2507583774250441,0.017329047545013743,3,9,False,,0.083333,0.0,0.166667,0.0,0.0,0.0,0.75,0.0,0.0
83,Policy_Maker,0.9457700423806745,0.023177622839643638,3,1,True,0.6666666666666666,0.166667,0.0,0.083333,0.0,0.0,0.0,0.75,0.0,0.0
83,Compromise Programming,0.840954249238818,0.028475403176757286,3,2,False,,0.166667,0.0,0.083333,0.0,0.0,0.0,0.75,0.0,0.0
83,Parent,0.8357981326606535,0.030304658951538492,3,3,False,,0.166667,0.0,0.083333,0.0,0.0,0.0,0.75,0.0,0.0
83,Nash Bargaining,0.8342913340239297,0.03592204926863521,3,4,False,,0.166667,0.0,0.083333,0.0,0.0,0.0,0.75,0.0,0.0
83,Nash Social Welfare,0.7116992325141586,0.05722901933709001,3,5,False,,0.166667,0.0,0.083333,0.0,0.0,0.0,0.75,0.0,0.0
83,Proportional Fairness,0.7116992325141586,0.05722901933709001,3,6,False,,0.166667,0.0,0.083333,0.0,0.0,0.0,0.75,0.0,0.0
83,Maximin,0.5845773588765578,0.005669484873971917,3,7,False,,0.166667,0.0,0.083333,0.0,0.0,0.0,0.75,0.0,0.0
83,Kalai-Smorodinsky,0.5234949045479032,0.22604111635442725,3,8,False,,0.166667,0.0,0.083333,0.0,0.0,0.0,0.75,0.0,0.0
83,Healthcare_Provider,0.2781834215167549,0.03886195762501798,3,9,False,,0.166667,0.0,0.083333,0.0,0.0,0.0,0.75,0.0,0.0
84,Policy_Maker,0.9545587877177836,0.017749208107755824,3,1,True,0.6666666666666666,0.25,0.0,0.0,0.0,0.0,0.0,0.75,0.0,0.0
84,Nash Bargaining,0.8658802107546878,0.056008704572825314,3,2,False,,0.25,0.0,0.0,0.0,0.0,0.0,0.75,0.0,0.0
84,Parent,0.8651748909698701,0.04621176054107577,3,3,False,,0.25,0.0,0.0,0.0,0.0,0.0,0.75,0.0,0.0
84,Compromise Programming,0.8401226450598834,0.04504771414686775,3,4,False,,0.25,0.0,0.0,0.0,0.0,0.0,0.75,0.0,0.0
84,Nash Social Welfare,0.7243185893604305,0.06981346709741933,3,5,False,,0.25,0.0,0.0,0.0,0.0,0.0,0.75,0.0,0.0
84,Proportional Fairness,0.7243185893604305,0.06981346709741933,3,6,False,,0.25,0.0,0.0,0.0,0.0,0.0,0.75,0.0,0.0
84,Maximin,0.5965783356578336,0.008527267761194321,3,7,False,,0.25,0.0,0.0,0.0,0.0,0.0,0.75,0.0,0.0
84,Kalai-Smorodinsky,0.5494090234885215,0.2142202310992894,3,8,False,,0.25,0.0,0.0,0.0,0.0,0.0,0.75,0.0,0.0
84,Healthcare_Provider,0.30560846560846566,0.06054732608468477,3,9,False,,0.25,0.0,0.0,0.0,0.0,0.0,0.75,0.0,0.0
85,Policy_Maker,0.944720960396897,0.024791693071320096,3,1,True,0.6666666666666666,0.0,0.0,0.166667,0.0,0.0,0.0,0.833333,0.0,0.0
85,Compromise Programming,0.875078305064458,0.013831953551109026,3,2,False,,0.0,0.0,0.166667,0.0,0.0,0.0,0.833333,0.0,0.0
85,Parent,0.8172890032874062,0.013448703450750525,3,3,False,,0.0,0.0,0.166667,0.0,0.0,0.0,0.833333,0.0,0.0
85,Nash Bargaining,0.8103720166712387,0.016835324175773173,3,4,False,,0.0,0.0,0.166667,0.0,0.0,0.0,0.833333,0.0,0.0
85,Nash Social Welfare,0.7368996051403357,0.037815264911549566,3,5,False,,0.0,0.0,0.166667,0.0,0.0,0.0,0.833333,0.0,0.0
85,Proportional Fairness,0.7368996051403357,0.037815264911549566,3,6,False,,0.0,0.0,0.166667,0.0,0.0,0.0,0.833333,0.0,0.0
85,Maximin,0.6100132331723007,0.03049368646066628,3,7,False,,0.0,0.0,0.166667,0.0,0.0,0.0,0.833333,0.0,0.0
85,Kalai-Smorodinsky,0.4870370370370371,0.24537561140454375,3,8,False,,0.0,0.0,0.166667,0.0,0.0,0.0,0.833333,0.0,0.0
85,Healthcare_Provider,0.24814814814814815,0.0066769468064147835,3,9,False,,0.0,0.0,0.166667,0.0,0.0,0.0,0.833333,0.0,0.0
86,Policy_Maker,0.953509705734006,0.019213423527622103,3,1,True,0.6666666666666666,0.083333,0.0,0.083333,0.0,0.0,0.0,0.833333,0.0,0.0
86,Compromise Programming,0.8742467008855236,0.012116653663188733,3,2,False,,0.083333,0.0,0.083333,0.0,0.0,0.0,0.833333,0.0,0.0
86,Parent,0.8466657615966229,0.018983676691935337,3,3,False,,0.083333,0.0,0.083333,0.0,0.0,0.0,0.833333,0.0,0.0
86,Nash Bargaining,0.8419608934019968,0.022527226812819625,3,4,False,,0.083333,0.0,0.083333,0.0,0.0,0.0,0.833333,0.0,0.0
86,Nash Social Welfare,0.7495189619866077,0.04079976149196659,3,5,False,,0.083333,0.0,0.083333,0.0,0.0,0.0,0.833333,0.0,0.0
86,Proportional Fairness,0.7495189619866077,0.04079976149196659,3,6,False,,0.083333,0.0,0.083333,0.0,0.0,0.0,0.833333,0.0,0.0
86,Maximin,0.6220142099535764,0.018813721047902077,3,7,False,,0.083333,0.0,0.083333,0.0,0.0,0.0,0.833333,0.0,0.0
86,Kalai-Smorodinsky,0.5129511559776554,0.23065319360699368,3,8,False,,0.083333,0.0,0.083333,0.0,0.0,0.0,0.833333,0.0,0.0
86,Healthcare_Provider,0.2755731922398589,0.016899036142800285,3,9,False,,0.083333,0.0,0.083333,0.0,0.0,0.0,0.833333,0.0,0.0
87,Policy_Maker,0.9622984510711149,0.014223605757079346,3,1,True,0.6666666666666666,0.166667,0.0,0.0,0.0,0.0,0.0,0.833333,0.0,0.0
87,Parent,0.8760425199058394,0.033774770078918374,3,2,False,,0.166667,0.0,0.0,0.0,0.0,0.0,0.833333,0.0,0.0
87,Nash Bargaining,0.8735497701327549,0.04083762495270848,3,3,False,,0.166667,0.0,0.0,0.0,0.0,0.0,0.833333,0.0,0.0
87,Compromise Programming,0.873415096706589,0.02782788207283156,3,4,False,,0.166667,0.0,0.0,0.0,0.0,0.0,0.833333,0.0,0.0
87,Nash Social Welfare,0.7621383188328797,0.050572046647254426,3,5,False,,0.166667,0.0,0.0,0.0,0.0,0.0,0.833333,0.0,0.0
87,Proportional Fairness,0.7621383188328797,0.050572046647254426,3,6,False,,0.166667,0.0,0.0,0.0,0.0,0.0,0.833333,0.0,0.0
87,Maximin,0.6340151867348521,0.007817746581200226,3,7,False,,0.166667,0.0,0.0,0.0,0.0,0.0,0.833333,0.0,0.0
87,Kalai-Smorodinsky,0.5388652749182735,0.21731500643393778,3,8,False,,0.166667,0.0,0.0,0.0,0.0,0.0,0.833333,0.0,0.0
87,Healthcare_Provider,0.3029982363315697,0.0383711390289728,3,9,False,,0.166667,0.0,0.0,0.0,0.0,0.0,0.833333,0.0,0.0
88,Policy_Maker,0.9612493690873373,0.015495056368840037,3,1,True,0.6666666666666666,0.0,0.0,0.083333,0.0,0.0,0.0,0.916667,0.0,0.0
88,Compromise Programming,0.9075391525322289,0.008721591978290874,3,2,False,,0.0,0.0,0.083333,0.0,0.0,0.0,0.916667,0.0,0.0
88,Parent,0.857533390532592,0.011246747011764568,3,3,False,,0.0,0.0,0.083333,0.0,0.0,0.0,0.916667,0.0,0.0
88,Nash Bargaining,0.8496304527800637,0.015126855428258855,3,4,False,,0.0,0.0,0.083333,0.0,0.0,0.0,0.916667,0.0,0.0
88,Nash Social Welfare,0.7873386914590568,0.030417963656037324,3,5,False,,0.0,0.0,0.083333,0.0,0.0,0.0,0.916667,0.0,0.0
88,Proportional Fairness,0.7873386914590568,0.030417963656037324,3,6,False,,0.0,0.0,0.083333,0.0,0.0,0.0,0.916667,0.0,0.0
88,Maximin,0.6594510610305947,0.03270646018928272,3,7,False,,0.0,0.0,0.083333,0.0,0.0,0.0,0.916667,0.0,0.0
88,Kalai-Smorodinsky,0.5024074074074074,0.23658065149949015,3,8,False,,0.0,0.0,0.083333,0.0,0.0,0.0,0.916667,0.0,0.0
88,Healthcare_Provider,0.2729629629629629,0.007344641487056258,3,9,False,,0.0,0.0,0.083333,0.0,0.0,0.0,0.916667,0.0,0.0
89,Policy_Maker,0.9700381144244462,0.011339101290664712,3,1,True,0.6666666666666666,0.083333,0.0,0.0,0.0,0.0,0.0,0.916667,0.0,0.0
89,Compromise Programming,0.9067075483532944,0.01061949397044246,3,2,False,,0.083333,0.0,0.0,0.0,0.0,0.0,0.916667,0.0,0.0
89,Parent,0.8869101488418085,0.02168052320608773,3,3,False,,0.083333,0.0,0.0,0.0,0.0,0.0,0.916667,0.0,0.0
89,Nash Bargaining,0.8812193295108218,0.026508710241794048,3,4,False,,0.083333,0.0,0.0,0.0,0.0,0.0,0.916667,0.0,0.0
89,Nash Social Welfare,0.7999580483053287,0.03335139738727622,3,5,False,,0.083333,0.0,0.0,0.0,0.0,0.0,0.916667,0.0,0.0
89,Proportional Fairness,0.7999580483053287,0.03335139738727622,3,6,False,,0.083333,0.0,0.0,0.0,0.0,0.0,0.916667,0.0,0.0
89,Maximin,0.6714520378118704,0.021058571301430164,3,7,False,,0.083333,0.0,0.0,0.0,0.0,0.0,0.916667,0.0,0.0
89,Kalai-Smorodinsky,0.5283215263480258,0.22186598688172157,3,8,False,,0.083333,0.0,0.0,0.0,0.0,0.0,0.916667,0.0,0.0
89,Healthcare_Provider,0.30038800705467367,0.016484859376625218,3,9,False,,0.083333,0.0,0.0,0.0,0.0,0.0,0.916667,0.0,0.0
90,Policy_Maker,0.9777777777777777,0.00968644209675702,3,1,True,0.6666666666666666,0.0,0.0,0.0,0.0,0.0,0.0,1.0,0.0,0.0
90,Compromise Programming,0.94,0.00666666666666671,3,2,False,,0.0,0.0,0.0,0.0,0.0,0.0,1.0,0.0,0.0
90,Parent,0.8977777777777778,0.01111111111111111,3,3,False,,0.0,0.0,0.0,0.0,0.0,0.0,1.0,0.0,0.0
90,Nash Bargaining,0.8888888888888888,0.015555555555555583,3,4,False,,0.0,0.0,0.0,0.0,0.0,0.0,1.0,0.0,0.0
90,Nash Social Welfare,0.8377777777777778,0.023200681130912327,3,5,False,,0.0,0.0,0.0,0.0,0.0,0.0,1.0,0.0,0.0
90,Proportional Fairness,0.8377777777777778,0.023200681130912327,3,6,False,,0.0,0.0,0.0,0.0,0.0,0.0,1.0,0.0,0.0
90,Maximin,0.708888888888889,0.03492496365667047,3,7,False,,0.0,0.0,0.0,0.0,0.0,0.0,1.0,0.0,0.0
90,Kalai-Smorodinsky,0.5177777777777778,0.22778590771399015,3,8,False,,0.0,0.0,0.0,0.0,0.0,0.0,1.0,0.0,0.0
90,Healthcare_Provider,0.29777777777777775,0.008012336167697745,3,9,False,,0.0,0.0,0.0,0.0,0.0,0.0,1.0,0.0,0.0
